,pIC50,molecule_dictionary.chembl_id,canonical_smiles
0,4.215382707367125,CHEMBL1084117,CC1=C(C(=O)Nc2ccc(C)cc2)C(c2ccc(O)cc2O)NC(Nc2ccc([N+](=O)[O-])cc2Cl)=N1
1,7.251811972993799,CHEMBL1090360,O=C(Cc1ccccc1)Nc1cccc(-c2nc3sccn3c2-c2ccnc(Nc3cccc(N4CCOCC4)c3)n2)c1
2,5.684029654543083,CHEMBL1095957,Cl.NCCc1c[nH]c2ccc(OCCc3ccc(O)cc3)cc12
3,5.239577516576788,CHEMBL1170459,Cc1ncc([N+](=O)[O-])n1CCOC(=O)/C=C/c1ccc2ccccc2c1
4,7.0,CHEMBL1202477,COc1cc2c(Nc3ccc(Br)cc3F)ncnc2cc1OCCCN1CCN(C)CC1.Cl
5,6.795880017344075,CHEMBL121190,Nc1[nH]cnc2nnc(Nc3cccc(Cl)c3)c1-2
6,5.638272163982407,CHEMBL1233881,COc1ccc(-c2nn(C3CCC3)c3ncnc(N)c23)cc1OC
7,5.939302159646388,CHEMBL1241580,Nc1ncnc2c1c(-c1ccc(Cl)c(O)c1)nn2C1CCC1
8,4.744727494896694,CHEMBL1241774,CC(C)n1nc(-c2ccc3nccnc3c2)c2c(N)ncnc21
9,4.744727494896694,CHEMBL1242209,Cc1ccc2ccc(-c3nn(C(C)C)c4ncnc(N)c34)cc2n1
10,6.489454989793389,CHEMBL1242287,Nc1ncnc2c1c(-c1ccc(Br)c(O)c1)nn2C1CCC1
11,5.537602002101044,CHEMBL1242566,Nc1ncnc2c1c(-c1ccc(F)c(O)c1)nn2C1CCC1
12,7.958607314841775,CHEMBL125920,CCOc1cc2ncnc(Nc3cccc(-c4cc[nH]n4)c3)c2cc1OCC
13,5.958607314841776,CHEMBL126974,CCOc1cc2ncnc(Nc3cccc(-c4cncnc4)c3)c2cc1OCC
14,5.455559862682309,CHEMBL1272275,O=C(/C=C/c1ccccc1)N1CCc2c(sc3ncnc(N[C@H](CO)c4ccccc4)c23)C1
15,5.0,CHEMBL131577,Cc1cccc(Cl)c1NC(=O)c1cnc(NC(=O)C2CC2)s1
16,8.568636235841012,CHEMBL137082,C=CC(=O)N(CCCN1CCOCC1)c1cc2c(Nc3cccc(Br)c3)ncnc2cn1
17,5.031517051446064,CHEMBL137635,CN(c1ccccc1)c1ncnc2ccc(N/N=N/Cc3ccccn3)cc12
18,7.200659450546419,CHEMBL1379917,O=C(Nc1cc(N2CCOCC2)ncn1)c1ccc(F)cc1
19,6.623423042943488,CHEMBL138125,Brc1cccc(Nc2ncnc3ccc(N/N=N/Cc4ccccn4)cc23)c1
20,5.242603971206977,CHEMBL1440725,Cc1ccccc1-c1nnc(SCc2ccccc2)o1
21,8.0,CHEMBL14699,COc1cc2ncnc(Nc3ccc(F)c(Cl)c3)c2cc1OCCN1CCOCC1
22,6.718966632752273,CHEMBL153419,c1ccc(CNc2ncnc3c2sc2ccccc23)cc1
23,4.356547323513813,CHEMBL154080,COC(=O)c1ccc(CNC(=O)CCc2c(SSc3[nH]c4ccccc4c3CCC(=O)NCc3ccc(C(=O)OC)cc3)[nH]c3ccccc23)cc1
24,4.0,CHEMBL154822,COC(=O)c1ccc(CNC(=O)CCc2c(SSc3[nH]c4ccccc4c3CCC(=O)NCc3ccc(C(=O)OC)c(O)c3)[nH]c3ccccc23)cc1O
25,5.130768280269024,CHEMBL155293,O=C(CCc1c(SSc2[nH]c3ccccc3c2CCC(=O)NCc2ccc(C(=O)O)cc2)[nH]c2ccccc12)NCc1ccc(C(=O)O)cc1
26,4.853871964321763,CHEMBL157952,O=C(NCc1ccccc1)C(O)Cc1c(SSc2[nH]c3ccccc3c2CC(O)C(=O)NCc2ccccc2)[nH]c2ccccc12
27,5.769551078621726,CHEMBL158275,Cn1c(SSc2c(C(=O)NCc3ccccc3)c3ccccc3n2C)c(C(=O)NCc2ccccc2)c2ccccc21
28,5.275724130399212,CHEMBL158805,Cn1c(SSc2c(C(=O)NCc3ccc(C(=O)O)cc3)c3ccccc3n2C)c(C(=O)NCc2ccc(C(=O)O)cc2)c2ccccc21
29,7.148741651280925,CHEMBL160303,CS(=O)(=O)CCNc1nc(-c2ccc3ncnc(Nc4ccc5c(cnn5Cc5ccccc5)c4)c3c2)cs1
30,5.2839966563652006,CHEMBL1614712,Nc1ncnc2c1c(-c1cccc(OCc3ccccc3)c1)cn2[C@H]1C[C@@H](CN2CCC2)C1
31,8.744727494896694,CHEMBL162508,Cc1cccc(Nc2ncnc3cnc(NCCCN4CCOCC4)cc23)c1
32,9.187086643357144,CHEMBL162622,Brc1cccc(Nc2ncnc3cnc(NCCN4CCOCC4)cc23)c1
33,6.022276394711152,CHEMBL1645464,Cn1ncc2cc(Nc3ncnn4ccc(CN5CCC(N)CC5)c34)ccc21
34,6.931814138253838,CHEMBL165228,Cc1nc(Nc2cccc(Br)c2)c2cc(NCCN3CCOCC3)ncc2n1
35,8.823908740944319,CHEMBL165508,Brc1cccc(Nc2ncnc3cnc(NCc4cccnc4)cc23)c1
36,9.0,CHEMBL165574,Brc1cccc(Nc2ncnc3cnc(NCCCN4CCOCC4)cc23)c1
37,8.823908740944319,CHEMBL165731,Cc1cccc(Nc2ncnc3cnc(NCCN4CCOCC4)cc23)c1
38,7.552841968657781,CHEMBL1683963,C/C(=C\c1c(C)ncnc1Nc1ccc(OCc2cccc(F)c2)c(Cl)c1)C(=O)NCCN1CCOCC1
39,7.744727494896694,CHEMBL1683965,Cc1ncnc(Nc2ccc(OCc3cccc(F)c3)c(Cl)c2)c1/C=C(\F)C(=O)NCCN1CCOCC1
40,6.943095148663527,CHEMBL1683966,Cc1ncnc(Nc2ccc(OCc3cccc(F)c3)c(Cl)c2)c1/C=C/C(=O)NCCN1CCOCC1
41,7.1249387366083,CHEMBL1744347,COc1cc2c(Nc3ccc(Cl)cc3F)ncnc2cc1OCCCN1CCN(C)CC1.Cl
42,5.866461091629783,CHEMBL177688,OCCCNc1cncc(-c2cncc(Nc3cccc(Cl)c3)n2)c1
43,5.055517327849831,CHEMBL1812567,O=C(/C=C/c1cccs1)Nc1ccc2ncnc(Nc3cccc(Cl)c3)c2c1
44,5.130768280269024,CHEMBL188386,OCCCCNc1cncc(-c2cncc(Nc3cccc(Cl)c3)n2)c1
45,7.0,CHEMBL1907763,COc1cc2c(Nc3ccc(Cl)cc3F)ncnc2cc1OC[C@@H]1CCCN(C)C1
46,6.698970004336019,CHEMBL1907764,COc1cc2c(Nc3ccc(Br)cc3F)ncnc2cc1OC[C@@H]1CCCN(C)C1
47,7.0,CHEMBL1907944,COc1cc2c(Nc3ccc(Br)cc3F)ncnc2cc1OC[C@H]1CCCN(C)C1
48,4.17979854051436,CHEMBL1910278,Nc1scc2c1c(NCCO)nc1nc(NCCO)nc(N)c12
49,7.966576244513051,CHEMBL1928315,O=C(c1cc2ccccc2s1)c1cc2c(Nc3ccc(F)c(Cl)c3)ncnc2s1
50,4.779107750780481,CHEMBL1929302,c1ccc(CSc2nnc(-c3ccccc3)o2)cc1
51,5.291579099865288,CHEMBL1929303,Fc1ccccc1-c1nnc(SCc2ccccc2)o1
52,4.416574499593494,CHEMBL1929304,O=[N+]([O-])c1ccccc1-c1nnc(SCc2ccccc2)o1
53,5.821023052706831,CHEMBL1929305,Nc1ccccc1-c1nnc(SCc2ccccc2)o1
54,4.415329615535652,CHEMBL1929306,CCOc1ccccc1-c1nnc(SCc2ccccc2)o1
55,4.909389292171594,CHEMBL1929307,COc1ccccc1-c1nnc(SCc2ccccc2)o1
56,5.128427064454122,CHEMBL1929308,CC(C)(C)c1ccc(-c2nnc(SCc3ccccc3)o2)cc1
57,4.465339424171556,CHEMBL1929312,Cc1ccc(-c2nnc(SCc3ccccc3)o2)c(O)c1
58,4.584025588623435,CHEMBL1929314,COc1cc(OC)cc(-c2nnc(SCc3ccccc3)o2)c1
59,3.778846678045295,CHEMBL1956888,Nc1nc(Nc2cccc(Br)c2)c2ccn(Cc3ccccc3)c2n1
60,3.945770090136602,CHEMBL1956889,Cc1ccccc1Cn1ccc2c(Nc3cccc(Br)c3)nc(N)nc21
61,4.000434511774018,CHEMBL1956891,Nc1nc(Nc2cccc(Br)c2)c2ccn(Cc3ccc(Cl)cc3)c2n1
62,4.1598939055432425,CHEMBL1956892,COc1ccc(OC)c(Cn2ccc3c(Nc4cccc(Br)c4)nc(N)nc32)c1
63,5.7447274948966935,CHEMBL197525,COc1ccc(Nc2ncnc3cccc(OC4CCN(C)CC4)c23)cc1Cl
64,4.022276394711152,CHEMBL19978,O=C(Nc1ccccc1)NN1C(=O)c2c(c3c4cccc(O)c4n(C4OC(CO)C(O)C(O)C4O)c3c3[nH]c4c(O)cccc4c23)C1=O
65,6.096910013008056,CHEMBL201307,COc1cc2c(Nc3ncc(CC(=O)Nc4cccc(F)c4)s3)ncnc2cc1OCCCN1CCC(CO)CC1
66,6.077222658071202,CHEMBL2029427,C=CC(=O)Nc1cccc(N2C(=O)N(C)Cc3cnc(NC)nc32)c1
67,8.818156412055227,CHEMBL2029440,C=CC(=O)Nc1cccc(N2C(=O)N(c3ccc(Oc4ccccc4)cc3)Cc3cnc(Nc4ccc(N5CCN(C)CC5)cc4OC)nc32)c1
68,4.129011186239425,CHEMBL2029690,Cc1ccc(N2NC(=O)/C(=C\c3ccc(-c4cc([N+](=O)[O-])ccc4O)o3)C2=O)cc1C
69,4.636388020107856,CHEMBL2029693,Cc1cccc(N2NC(=O)/C(=C/c3ccc(-c4ccccc4F)o3)C2=O)c1
70,5.251811972993799,CHEMBL2029696,O=C1NN(c2ccc(F)cc2)C(=O)/C1=C\c1cccc(OCc2ccccc2F)c1
71,5.275724130399212,CHEMBL2029700,Nc1nn2c(=O)cc(-c3ccccc3)[nH]c2c1/N=N/c1ccc2c(c1)OCO2
72,7.67778070526608,CHEMBL203295,COc1cc(OC2CCN(C)CC2)c2c(Nc3ccc(F)c(Cl)c3)ncnc2c1
73,8.522878745280337,CHEMBL203725,CN1CCC(Oc2cccc3ncnc(Nc4ccc(F)c(Cl)c4)c23)CC1
74,6.647817481888637,CHEMBL203936,COc1ccc2ncnc(Nc3ccc(F)c(Cl)c3)c2c1OC1CCN(C)CC1
75,6.058985756294431,CHEMBL204330,COc1cc(OC2CCN(C(C)=O)CC2)c2c(Nc3ccc(F)c(Cl)c3)ncnc2c1
76,5.958607314841776,CHEMBL2047023,O=C(CCCCCC(=O)Nc1ccc(O)c(C(=O)Nc2ccc(OCc3cccc(F)c3)c(Cl)c2)c1)NO
77,7.67778070526608,CHEMBL2048794,O=C1NCc2cccc(Oc3ccc(Nc4ncnc5ccn(CCO)c45)cc3Cl)c21
78,7.119186407719209,CHEMBL205047,OCc1nc(C#Cc2cncnc2Nc2ccc(OCc3cccc(F)c3)c(Cl)c2)cs1
79,8.0,CHEMBL205149,COc1cc(OC2CCNCC2)c2c(Nc3ccc(F)c(Cl)c3)ncnc2c1
80,7.10790539730952,CHEMBL2064372,O=c1oc2cc3ncnc(Nc4ccc(F)c(Cl)c4)c3cc2n1CCCN1CCOCC1
81,6.42021640338319,CHEMBL2064373,C#Cc1cccc(Nc2ncnc3cc4oc(=O)n(CCCN5CCOCC5)c4cc23)c1
82,5.236572006437063,CHEMBL2064374,CCOC(=O)c1ccc(Nc2ncnc3cc4oc(=O)n(CCCN5CCOCC5)c4cc23)cc1
83,6.42021640338319,CHEMBL2064376,COc1ccc(Nc2ncnc3cc4oc(=O)n(CCCN5CCOCC5)c4cc23)cc1
84,4.124938736608301,CHEMBL2064379,Cc1cc(C)cc(Nc2ncnc3cc4oc(=O)n(CCCN5CCOCC5)c4cc23)c1
85,6.638272163982407,CHEMBL2064380,CCOC(=O)c1ccc(O)c(Nc2ncnc3cc4oc(=O)n(CCCN5CCOCC5)c4cc23)c1
86,5.853871964321762,CHEMBL2064382,CCOc1ccc(Nc2ncnc3cc4oc(=O)n(CCCN5CCOCC5)c4cc23)cc1
87,7.173925197299174,CHEMBL2064383,Cc1ccc(Nc2ncnc3cc4oc(=O)n(CCCN5CCOCC5)c4cc23)cc1
88,6.00436480540245,CHEMBL2064384,O=c1oc2cc3ncnc(Nc4ccc(OCc5ccc(Cl)cc5)cc4)c3cc2n1CCCN1CCOCC1
89,6.853871964321762,CHEMBL2064386,O=c1oc2cc3ncnc(Nc4ccc(OCc5ccccc5)cc4)c3cc2n1CCCN1CCOCC1
90,4.522878745280338,CHEMBL2064388,O=c1oc2cc3ncnc(Nc4ccccc4O)c3cc2n1CCCN1CCOCC1
91,6.2441251443275085,CHEMBL2064389,O=c1oc2cc3ncnc(Nc4ccc(F)c(F)c4)c3cc2n1CCCN1CCOCC1
92,5.522878745280338,CHEMBL2064390,CC(C)Oc1cccc(Nc2ncnc3cc4oc(=O)n(CCCN5CCOCC5)c4cc23)c1
93,5.167491087293764,CHEMBL2064391,CC(=O)c1cccc(Nc2ncnc3cc4oc(=O)n(CCCN5CCOCC5)c4cc23)c1
94,7.214670164989233,CHEMBL2064395,O=c1oc2cc3ncnc(Nc4ccc(OCc5ccc(Cl)cc5)c(Cl)c4)c3cc2n1CCCN1CCOCC1
95,4.102372908709559,CHEMBL2064396,CC(C)(C)c1ccc(Nc2ncnc3cc4oc(=O)n(CCCN5CCOCC5)c4cc23)cc1
96,5.142667503568732,CHEMBL2064397,CN(c1ccccc1)c1ncnc2cc3oc(=O)n(CCCN4CCOCC4)c3cc12
97,6.2441251443275085,CHEMBL2070191,Clc1cccc(Nc2ncnc3ccc(NCc4ccc5c(c4)OCO5)cc23)c1
98,6.200659450546418,CHEMBL2070197,Brc1cccc(Nc2ncnc3ccc(NCc4ccc5c(c4)OCO5)cc23)c1
99,7.259637310505756,CHEMBL2087353,Brc1cccc(Nc2ncnc3cc4c(cc23)OCCOCCO4)c1
100,6.823908740944319,CHEMBL2087354,Cc1ccc(S(=O)(=O)N2CCOc3cc4ncnc(Nc5cccc(Br)c5)c4cc3OCC2)cc1
101,7.958607314841775,CHEMBL2148053,CC(C)(C(=O)NCCn1ccc2ncnc(Nc3ccc(Oc4cccc(Cl)c4)c(Cl)c3)c21)S(C)(=O)=O.Cc1ccc(S(=O)(=O)O)cc1
102,6.045757490560675,CHEMBL217090,Clc1ccc2c(c1Nc1ncnc3cc(OCCCN4CCCC4)cc(OC4CCOCC4)c13)OCO2
103,5.367542707815276,CHEMBL2312303,O=C(NCCCN1CCCC1=O)c1cnc(NCc2cc(Cl)ccc2Cl)nc1NC1CCCC1
104,5.1249387366083,CHEMBL2316149,COc1cc(/C=C2\CCC/C(=C\C3CCCCC3)C2=O)cc(OC)c1
105,6.045757490560675,CHEMBL2385976,CCOc1cc([N+](=O)[O-])c(C(=O)Nc2ccc(OCc3ccccn3)c(Cl)c2)cc1NC(=O)c1ccc(CN2CCN(C)CC2)cc1
106,6.0,CHEMBL2385977,CCOc1cc(N)c(C(=O)Nc2ccc(OCc3ccccn3)c(Cl)c2)cc1NC(=O)c1ccc(CN2CCN(C)CC2)cc1
107,5.698970004336019,CHEMBL2385978,CCOc1cc([N+](=O)[O-])c(C(=O)Nc2ccc(OCc3cccc(F)c3)c(Cl)c2)cc1NC(=O)/C=C/CN(C)C
108,5.823908740944319,CHEMBL2385979,CCOc1cc(N)c(C(=O)Nc2ccc(OCc3cccc(F)c3)c(Cl)c2)cc1NC(=O)/C=C/CN(C)C
109,5.455931955649724,CHEMBL2385987,CCOc1ccc(C(=O)Nc2ccc(OCc3ccccn3)c(Cl)c2)cc1NC(=O)c1ccc(CN2CCN(C)CC2)cc1
110,5.221848749616357,CHEMBL2385988,CCOc1ccc(C(=O)Nc2nccc(-c3cccnc3)n2)cc1NC(=O)/C=C/CN(C)C
111,6.346787486224656,CHEMBL2385990,Cc1ccc(NC(=O)/C=C/CN(C)C)cc1C(=O)Nc1ccc(OCc2cccc(F)c2)c(Cl)c1
112,5.301029995663981,CHEMBL2385992,Cc1ccc(NC(=O)/C=C/CN(C)C)cc1C(=O)Nc1nccc(-c2cccnc2)n1
113,6.017728766960432,CHEMBL2408824,COc1cc(N2CCN(C)CC2)ccc1Nc1ncc(Cl)c(Oc2ccc(CCOc3no[n+]([O-])c3S(=O)(=O)c3ccccc3)cc2)n1
114,8.301029995663981,CHEMBL2420866,COc1ccc2c(c1)CCCN2c1nc(C)nc2ccccc12
115,8.267606240177031,CHEMBL2420867,COc1ccc2c(c1)CCCN2c1nc(Cl)nc2ccccc12
116,5.619788758288394,CHEMBL2424804,O=C(/C=C/c1ccc(Br)s1)Nc1ccc2ncnc(Nc3cccc(Cl)c3)c2c1
117,7.619788758288394,CHEMBL2425083,COc1cc2ncnc(Nc3ccc(F)c(Cl)c3)c2cc1OCCCN1CC2(C1)CS(=O)(=O)C2
118,7.602059991327963,CHEMBL2425084,COc1cc2ncnc(Nc3ccc(F)c(Cl)c3)c2cc1OCCCN1CC(O)C1
119,7.468521082957745,CHEMBL2425085,COc1cc2ncnc(Nc3ccc(F)c(Cl)c3)c2cc1OCCCN1CC(OC)C1
120,7.795880017344075,CHEMBL2425087,COc1cc2ncnc(Nc3ccc(F)c(Cl)c3)c2cc1OCCN1CC2(COC2)C1
121,6.721246399047171,CHEMBL2425088,COc1cc2ncnc(Nc3ccc(F)c(Cl)c3)c2cc1OCCN1CC2(CCO2)C1
122,5.638272163982407,CHEMBL2426248,COc1ccc(NC(=O)CCCN(C)C)cc1Nc1ncc(Cl)c(-c2cnn3ccccc23)n1
123,7.091514981121351,CHEMBL2426281,C=CC(=O)Nc1cccc(Nc2ncc(Cl)c(-c3c[nH]c4ccccc34)n2)c1
124,7.657577319177793,CHEMBL2426282,C=CC(=O)Nc1ccc(OC)c(Nc2ncc(Cl)c(-c3c[nH]c4ccccc34)n2)c1
125,4.889410289700752,CHEMBL2426283,C=CC(=O)Nc1ccc(Nc2ncc(Cl)c(-c3c[nH]c4ccccc34)n2)cc1
126,5.552841968657781,CHEMBL2426285,COc1ccc(NC(=O)CC#N)cc1Nc1ncc(Cl)c(-c2c[nH]c3ccccc23)n1
127,7.481486060122113,CHEMBL2426286,C=CC(=O)Nc1ccc(OC)c(Nc2ncc(Cl)c(-c3cnn4ccccc34)n2)c1
128,7.275724130399211,CHEMBL2426287,COc1ccc(NC(=O)/C=C/CN(C)C)cc1Nc1ncc(Cl)c(-c2c[nH]c3ccccc23)n1
129,7.0293436873196695,CHEMBL2426288,COc1ccc(NC(=O)/C=C/CN(C)C)cc1Nc1ncc(Cl)c(-c2cnn3ccccc23)n1
130,6.6020599913279625,CHEMBL2426289,COc1ccc(NC(=O)/C=C/CN(C)C)cc1Nc1nccc(-c2cnn3ccccc23)n1
131,6.657577319177793,CHEMBL2426290,COc1ccc(NC(=O)/C=C/CN(C)C)cc1Nc1ncc(F)c(-c2cnn3ccccc23)n1
132,6.537602002101044,CHEMBL2426377,COc1ccc(NC(=O)/C=C/CN(C)C)cc1Nc1ncc(C)c(-c2cnn3ccccc23)n1
133,4.818156412055227,CHEMBL2426378,COc1ccc(NC(=O)/C=C/CN(C)C)cc1Nc1ncc([S+](C)[O-])c(-c2cnn3ccccc23)n1
134,5.454692883534176,CHEMBL2442319,C#Cc1cccc(-n2ccc3cc(OC)cc(OC)c3c2=O)c1
135,5.260427655549909,CHEMBL2442320,COc1cc(OC)c2c(=O)n(-c3ccc(F)c(Cl)c3)ccc2c1
136,5.514278573518421,CHEMBL2442327,C#Cc1cccc(-n2ccc3cc(OC)cc(O)c3c2=O)c1
137,5.910094888560602,CHEMBL2442332,COc1cc2c(c(OC)c1)C(=O)N(c1cccc(C(=O)N3CCCCC3)c1)CC2
138,5.928117992693875,CHEMBL2442333,COc1cc(O)c2c(c1)CCN(c1cccc(C(=O)N3CCCCC3)c1)C2=O
139,5.115204636051019,CHEMBL244948,O=c1ccc2ccc(O)c(O)c2o1
140,6.568636235841012,CHEMBL249496,Nc1ncnc2c1c(-c1ccc3nc(Cc4ccccc4)[nH]c3c1)nn2[C@H]1CC[C@H](N2CCOCC2)CC1
141,7.052076380168273,CHEMBL251700,Fc1ccc(Nc2ncnc3ccc(C#CCN4CCCCC4)cc23)cc1Cl
142,7.187086643357144,CHEMBL251732,Nc1ncnc2c1c(-c1ccc3nc(Cc4ccccc4Cl)[nH]c3c1)nn2[C@H]1CC[C@H](N2CCOCC2)CC1
143,6.42021640338319,CHEMBL253292,CCN(CC)CCOc1ccc(Nc2cc(NC(=O)Nc3c(Cl)cccc3Cl)ncn2)cc1
144,6.455931955649724,CHEMBL265629,O=C1CN(Cc2ccn3ncnc(Nc4ccc5c(cnn5Cc5cccc(F)c5)c4)c23)CCN1
145,9.040005161671584,CHEMBL272187,Brc1cccc(Nc2ncnc3ccncc23)c1NCCc1c[nH]cn1
146,4.045757490560676,CHEMBL279035,O=C(O)c1ccc(NN2C(=O)c3c(c4c5cccc(O)c5n(C5OC(CO)C(O)C(O)C5O)c4c4[nH]c5c(O)cccc5c34)C2=O)cc1
147,6.070581074285707,CHEMBL293261,O=C(CCc1c(SSc2[nH]c3ccccc3c2CCC(=O)NCc2ccccc2)[nH]c2ccccc12)NCc1ccccc1
148,2.6575773191777943,CHEMBL294213,N#CC(C#N)=Cc1ccc2[nH]ccc2c1
149,6.269217724333611,CHEMBL3085277,C[C@H](Nc1ncnc2c1sc1ccccc12)c1ccccc1
150,7.255707016877324,CHEMBL3086103,C=CC(=O)N1CC[C@H](N2C(=O)N(c3ccccc3)Cc3cnc(Nc4ccc(N5CCN(C)CC5)c(C(F)(F)F)c4)nc32)C1
151,7.448550002027125,CHEMBL3086104,C=CC(=O)N1CC[C@H](N2C(=O)N(c3ccccc3)Cc3cnc(Nc4ccc(N5CCN(C)CC5)c(Cl)c4)nc32)C1
152,7.767003889607846,CHEMBL3086105,C=CC(=O)N1CC[C@H](N2C(=O)N(c3ccccc3)Cc3cnc(Nc4ccc(N5CCN(C)CC5)c(F)c4)nc32)C1
153,8.142667503568731,CHEMBL3086106,C=CC(=O)N1CC[C@H](N2C(=O)N(c3ccccc3)Cc3cnc(Nc4ccc(N5CCN(C)CC5)c(OC)c4)nc32)C1
154,7.009217308196862,CHEMBL3087195,C=CC(=O)N1CC[C@H](N2C(=O)N(c3ccccc3)Cc3cnc(Nc4cccc(N5CCN(C)CC5)c4)nc32)C1
155,7.536107011014093,CHEMBL3087196,C=CC(=O)N1CC[C@H](N2C(=O)N(c3ccccc3)Cc3cnc(Nc4ccc(N5CCN(C)CC5)cc4)nc32)C1
156,7.818156412055227,CHEMBL3087198,C=CC(=O)N1CC[C@H](N2C(=O)N(c3ccccc3)Cc3cnc(Nc4ccc(N5CCN(C)CC5)cc4OC)nc32)C1
157,6.155522824254319,CHEMBL3092297,O=C(Nc1cc2c(Nc3ccc(F)c(Cl)c3)ncnc2cc1O[C@H]1CCOC1)N1CCC(F)CC1
158,6.066006836168758,CHEMBL3092298,O=C(Nc1cc2c(Nc3ccc(F)c(Cl)c3)ncnc2cc1O[C@H]1CCOC1)N1CCC(F)(F)CC1
159,6.053547734986927,CHEMBL3092299,O=C(Nc1cc2c(Nc3ccc(F)c(Cl)c3)ncnc2cc1O[C@H]1CCOC1)N1CCCC(F)(F)C1
160,6.517126416391246,CHEMBL3092302,O=C(Nc1cc2c(Nc3ccc(F)c(Cl)c3)ncnc2cc1O[C@H]1CCOC1)N1CCC(CCO)CC1
161,3.5850266520291827,CHEMBL310514,N#CC(C#N)=Cc1ccc[nH]1
162,6.54515513999149,CHEMBL3133751,COc1cc2ncnc(Nc3ccc(NC(=O)Nc4ccc(Cl)c(C(F)(F)F)c4)cc3)c2cc1OCCCN1CCOCC1
163,8.698970004336019,CHEMBL31622,C=CC(=O)Nc1cc2c(Nc3cccc(C)c3)ncnc2cc1OCCCN1CCN(C)CC1
164,8.03905380426617,CHEMBL3219125,C=CC(=O)Nc1cccc(N2C(=O)CN(C)C(=O)c3cnc(Nc4ccc(N5CCN(C)CC5)cc4OC)nc32)c1
165,8.220403508742175,CHEMBL3219128,C=CC(=O)Nc1cccc(N2C(=O)C(C)N(C)C(=O)c3cnc(Nc4ccc(N5CCN(C)CC5)cc4OC)nc32)c1
166,7.617802789622546,CHEMBL3219129,C=CC(=O)Nc1cccc(N2C(=O)C(C(C)C)N(C)C(=O)c3cnc(Nc4ccc(N5CCN(C)CC5)cc4OC)nc32)c1
167,8.139661993429007,CHEMBL3219130,C=CC(=O)Nc1cccc(N2C(=O)C(C(C)CC)N(C)C(=O)c3cnc(Nc4ccc(N5CCN(C)CC5)cc4OC)nc32)c1
168,7.698970004336019,CHEMBL3233775,O=C(/C=C/CNC1CCOCC1)Nc1cc2c(Nc3ccc(F)c(Cl)c3)ncnc2s1
169,7.42021640338319,CHEMBL3233782,O=C(/C=C/CN1CC(O)C1)Nc1cc2c(Nc3ccc(F)c(Cl)c3)ncnc2s1
170,5.327348077159998,CHEMBL3237934,COc1cc(N2CCN(C)CC2)ccc1Nc1ncc(Cl)c(Oc2cccc(NC(=O)CCN3CCN(C)CC3)c2)n1
171,6.270025714300445,CHEMBL3237935,CCOC(=O)N1CCN(CCC(=O)Nc2cccc(Oc3nc(Nc4ccc(N5CCN(C)CC5)cc4OC)ncc3Cl)c2)CC1
172,5.6219656775426685,CHEMBL3237936,COc1cc(N2CCN(C)CC2)ccc1Nc1ncc(Cl)c(Oc2cccc(NC(=O)CCN3CCN(CCO)CC3)c2)n1
173,5.538351431936546,CHEMBL3263960,COc1cc2c(Oc3ccc(NS(=O)(=O)c4cccc(-c5ccoc5)c4)cc3F)ccnc2cc1OCCCN1CCOCC1
174,7.075720713938119,CHEMBL3263962,COc1cc2c(Oc3ccc(NS(=O)(=O)c4cccc(-c5cnn(C)c5)c4)cc3F)ccnc2cc1OCCCN1CCN(C)CC1
175,6.774690718274138,CHEMBL3263963,COc1cc2c(Oc3ccc(NS(=O)(=O)c4cccc(-c5ccoc5)c4)cc3F)ccnc2cc1OCCCN1CCN(C)CC1
176,8.769551078621726,CHEMBL32844,C=CC(=O)Nc1cc2c(Nc3cccc(Br)c3)ncnc2cc1OCCCN1CCN(C)CC1
177,4.616184634019569,CHEMBL334026,Clc1cccc(Nc2[nH]nc3ncnc(Oc4cccc(Cl)c4)c23)c1
178,6.221848749616356,CHEMBL3353404,C=CC(=O)Nc1cc(Nc2ncc(Cl)c(-c3cnn4ccccc34)n2)c(OC)cc1N(C)CCN(C)C
179,5.698970004336019,CHEMBL3353407,C=CC(=O)Nc1cc(Nc2ncc(Cl)c(-c3cn(C)c4ccccc34)n2)c(OC)cc1N(C)CCN(C)C
180,6.698970004336019,CHEMBL3353408,C=CC(=O)Nc1cc(Nc2ncc(Cl)c(-c3c[nH]c4ccccc34)n2)c(OC)cc1N(C)CCN(C)C
181,6.0,CHEMBL3353409,C=CC(=O)Nc1cc(Nc2ncc(C)c(-c3cn(C)c4ccccc34)n2)c(OC)cc1N(C)CCN(C)C
182,8.226266101296188,CHEMBL3353410,C=CC(=O)Nc1cc(Nc2nccc(-c3cn(C)c4ccccc34)n2)c(OC)cc1N(C)CCN(C)C
183,9.2839966563652,CHEMBL3360604,COc1cc2c(Nc3ccc(F)c(Cl)c3)ncnc2cc1OCCCCCn1ccnc1[N+](=O)[O-]
184,9.327902142064282,CHEMBL3360609,C#Cc1cccc(Nc2ncnc3cc(OCCCCCn4ccnc4[N+](=O)[O-])c(OC)cc23)c1
185,9.481486060122112,CHEMBL3360619,COc1cc2c(Nc3cccc(Br)c3)ncnc2cc1OCCCCCn1ccnc1[N+](=O)[O-]
186,4.0,CHEMBL3361128,O=C1/C(=C\c2ccc(O)c(O)c2)Oc2ccccc21
187,5.243813582703448,CHEMBL336174,NC(Cc1c(SSc2[nH]c3ccccc3c2CC(N)C(=O)NCc2ccccc2)[nH]c2ccccc12)C(=O)NCc1ccccc1
188,7.958607314841775,CHEMBL340862,CCOc1cc2ncnc(Nc3cccc(-c4cncs4)c3)c2cc1OCC
189,7.638272163982407,CHEMBL3409483,[O-][S+]1CCN(Cc2ccc(-c3cc4c(Nc5ccc(OCc6cccc(F)c6)cc5)ncnc4cn3)o2)CC1
190,5.102153068420429,CHEMBL3416616,Brc1cc2c(NCc3ccccn3)ncnc2s1
191,5.682145510668531,CHEMBL3416617,C[C@@H](Nc1ncnc2sc(Br)cc12)c1ccccn1
192,8.154901959985743,CHEMBL3416628,O=C(Nc1ccc(CN2CCCC2)cc1)c1sc2ncnc3c2c1NC(=O)N3c1ccc(F)c(Cl)c1
193,7.585026652029182,CHEMBL3416629,C#Cc1cccc(N2C(=O)Nc3c(C(=O)Nc4ccc(CN5CCCC5)cc4)sc4ncnc2c34)c1
194,5.920818753952375,CHEMBL3425667,COc1cc(N2CCN(C)CC2)ccc1Nc1ncc(Cl)c(Oc2cccc(NC(=O)/C(C#N)=C/C3CCCC3)c2)n1
195,4.292429823902064,CHEMBL346716,CC(=O)NC(Cc1c(SSc2[nH]c3ccccc3c2CC(NC(C)=O)C(=O)NCc2ccccc2)[nH]c2ccccc12)C(=O)NCc1ccccc1
196,4.823908740944319,CHEMBL347160,O=C(NCc1ccccc1)c1c(SSc2[nH]c3ccccc3c2C(=O)NCc2ccccc2)[nH]c2ccccc12
197,4.886056647693164,CHEMBL347659,COC(=O)c1ccc(CNC(=O)c2c(SSc3c(C(=O)NCc4ccc(C(=O)OC)cc4)c4ccccc4n3C)n(C)c3ccccc23)cc1
198,5.070581074285707,CHEMBL347668,O=C(CCc1c(SSc2[nH]c3ccccc3c2CCC(=O)NCc2ccc(C(=O)O)c(O)c2)[nH]c2ccccc12)NCc1ccc(C(=O)O)c(O)c1
199,4.5528419686577815,CHEMBL348146,CC(=O)OC(Cc1c(SSc2[nH]c3ccccc3c2CC(OC(C)=O)C(=O)NCc2ccccc2)[nH]c2ccccc12)C(=O)NCc1ccccc1
200,7.31069114087638,CHEMBL3604205,COc1ccc2c(c1)CCCN2c1ncnc2ccccc12
201,6.045757490560675,CHEMBL3604931,C=CC(=O)Nc1cccc(Oc2nccc(Nc3cc(C)[nH]n3)n2)c1
202,8.096910013008056,CHEMBL3608430,C=CC(=O)N1C[C@@H]2CN(c3nc(Nc4ccc(N5CCN(C)CC5)cc4)c4ncn(C(C)C)c4n3)C[C@@H]2C1
203,6.85078088734462,CHEMBL3622669,COc1cc2ncnc(Nc3ccc(F)c(Cl)c3)c2cc1NC(=O)/C=C/CNC1CC(F)(F)C1
204,8.397940008672037,CHEMBL3633774,NC(=O)Nc1ccc2ncnc(Nc3ccc(Oc4cccc(C(F)(F)F)c4)c(Cl)c3)c2c1
205,6.265200170411154,CHEMBL3633775,NC(=O)Nc1ccc2ncnc(Nc3ccc(Oc4ccc(Cl)c(Cl)c4)c(Cl)c3)c2c1
206,7.537602002101044,CHEMBL3633930,CCNC(=O)Nc1ccc2ncnc(Nc3ccc(Oc4cccc(C(F)(F)F)c4)c(Cl)c3)c2c1
207,7.638272163982407,CHEMBL3633934,CCOC(=O)C(=CNc1ccc2ncnc(Nc3ccc(Oc4cccc(C(F)(F)F)c4)c(Cl)c3)c2c1)C(=O)OCC
208,8.045757490560675,CHEMBL3633940,NC(=O)Nc1ccc(C(=O)Nc2ccc3ncnc(Nc4ccc(F)c(Cl)c4)c3c2)cc1
209,7.508638306165727,CHEMBL3633941,CCNC(=O)Nc1ccc(C(=O)Nc2ccc3ncnc(Nc4ccc(F)c(Cl)c4)c3c2)cc1
210,5.835647144215564,CHEMBL3633942,CCOC(=O)C(=CNC(=O)Nc1ccc(C(=O)Nc2ccc3ncnc(Nc4ccc(F)c(Cl)c4)c3c2)cc1)C(=O)OCC
211,4.339134521996131,CHEMBL363607,Cc1ccc(F)c(C(=O)n2nc(Nc3ccc(S(N)(=O)=O)cc3)nc2C)c1F
212,5.2839966563652006,CHEMBL364623,Cc1cc(Nc2ncc(C(=O)Nc3c(C)cccc3Cl)s2)nc(C)n1
213,8.958607314841775,CHEMBL3663925,C=CC(=O)N1CCC(c2nc(Nc3ccc(N4CCC(N5CCN(C)CC5)CC4)c(C)c3)c(C(N)=O)nc2CC)CC1
214,8.886056647693163,CHEMBL3663933,C=CC(=O)N1CCC(c2nc(Nc3ccc(N4CCC(N5CCN(C)CC5)CC4)cc3)c(C(N)=O)nc2CC)CC1
215,8.096910013008056,CHEMBL3671494,C=CC(=O)Nc1cc2c(Nc3ccc(Br)cc3F)ncnc2cc1OCCNC(=O)C1CC1
216,6.530177984021837,CHEMBL3671560,C=CC(=O)Nc1cc2c(Nc3ccc(Br)cc3F)ncnc2cc1OCCNc1nccs1
217,5.698970004336019,CHEMBL367625,CCn1cnc2c(Nc3cccc(Cl)c3)nc(N[C@@H]3CCCC[C@@H]3N)nc21
218,8.397940008672037,CHEMBL3678954,CC(C)n1c(Nc2ccc(OCc3cccc(F)c3)c(Cl)c2)nc2cnc(Nc3ccc(N4CCN(C)CC4)cc3)nc21
219,8.0,CHEMBL3678956,CC(C)n1c(Nc2ccc(C(=O)Nc3cccc(F)c3)cc2)nc2cnc(Nc3ccc(N4CCN(C)CC4)cc3)nc21
220,5.275724130399212,CHEMBL368278,CCn1cnc2c(Nc3cccc(Cl)c3)nc(N[C@H]3CCC[C@@H](N)C3)nc21
221,8.259637310505756,CHEMBL3699611,C=CC(=O)Nc1cccc(Oc2nc(Nc3ccc(N4CCCOCC4)cc3OC)ncc2Cl)c1
222,6.119186407719209,CHEMBL3741219,CN(C)C/C=C/C(=O)Nc1cccc(Nc2nc(N/N=C/c3cn(Cc4ccccc4)c4ccccc34)ncc2Cl)c1
223,7.311491192343479,CHEMBL3752074,COc1cc(NC(=O)Nc2ccccn2)cc(-c2cccnc2)c1OC
224,7.04301563225724,CHEMBL3753208,O=C(Nc1ccccn1)Nc1cc(-c2cccnc2)ccc1OC(F)(F)F
225,7.176590985107456,CHEMBL3754785,COc1ccc(-c2cc(NC(=O)Nc3ccccn3)cc(OC)c2OC)cn1
226,6.674895017028593,CHEMBL3774396,C#Cc1cccc(Nc2ncnc3cc4c(cc23)N(CCCN2CCCCC2)C(=O)CO4)c1
227,6.2349501780970495,CHEMBL3774451,O=C(Nc1ccc(Oc2ccnc3[nH]ccc23)c(F)c1)c1nnn(-c2ccc(F)cc2)c1C(F)(F)F
228,6.337242168318426,CHEMBL3774808,O=C1COc2cc3ncnc(Nc4cccc(F)c4)c3cc2N1CCCN1CCCCC1
229,6.860435733824151,CHEMBL3775046,O=C1COc2cc3ncnc(Nc4ccc(F)c(Cl)c4)c3cc2N1CCCN1CCCCC1
230,7.00436480540245,CHEMBL3775112,O=C1COc2cc3ncnc(Nc4cccc(Br)c4)c3cc2N1CCCN1CCCCC1
231,6.935916564036404,CHEMBL3775536,O=C1COc2cc3ncnc(Nc4cccc(Cl)c4)c3cc2N1CCCN1CCCCC1
232,6.340844719059371,CHEMBL3775897,Cc1cccc(Nc2ncnc3cc4c(cc23)N(CCCN2CCCCC2)C(=O)CO4)c1
233,7.698970004336019,CHEMBL378370,COc1cc2ncnc(Nc3cccc(Cl)c3F)c2cc1CN(C)C1CCNC1=O
234,5.017683530307935,CHEMBL379017,COc1cc(OC2CCN(S(C)(=O)=O)CC2)c2c(Nc3ccc(F)c(Cl)c3)ncnc2c1
235,4.823908740944319,CHEMBL3798658,O=C(Nc1cccc(C(O)c2ccccc2)c1)c1cc2ccccc2[nH]1
236,8.173925197299173,CHEMBL3804868,CCOc1cc2ncnc(Nc3ccc(C)c(Cl)c3)c2c2c1OCCO2
237,7.076341578206694,CHEMBL3804886,Fc1cccc(Nc2ncnc3cc(OCCCN4CCOCC4)c4c(c23)OCCO4)c1
238,8.036212172654444,CHEMBL3805039,C#Cc1cccc(Nc2ncnc3cc(OCC)c4c(c23)OCCO4)c1
239,6.734003629504921,CHEMBL3805089,Cc1ccc(Nc2ncnc3cc(OC(C)C)c4c(c23)OCCO4)cc1[N+](=O)[O-]
240,6.988852639224203,CHEMBL3805177,CC(C)Oc1cc2ncnc(Nc3ccc(Cl)c([N+](=O)[O-])c3)c2c2c1OCCO2
241,7.587371479455625,CHEMBL3805218,Fc1ccc(Nc2ncnc3cc(OCCCN4CCOCC4)c4c(c23)OCCO4)cc1Cl
242,7.962573502059376,CHEMBL3805236,C#Cc1cccc(Nc2ncnc3cc(OC)c4c(c23)OCCO4)c1
243,8.013228265733755,CHEMBL3805238,CCOc1cc2ncnc(Nc3cccc([N+](=O)[O-])c3)c2c2c1OCCO2
244,6.439734602137285,CHEMBL3805260,CCOC(C)Oc1cc2ncnc(Nc3ccc(C)c([N+](=O)[O-])c3)c2c2c1OCCO2
245,6.411392195257314,CHEMBL3805280,COCCOc1cc2ncnc(Nc3ccc(F)c(C#N)c3)c2c2c1OCCO2
246,7.536107011014093,CHEMBL3805283,CC(C)Oc1cc2ncnc(Nc3ccc(F)c(Cl)c3)c2c2c1OCCO2
247,7.127261172527331,CHEMBL3805299,COCCOc1cc2ncnc(Nc3ccc(C)c([N+](=O)[O-])c3)c2c2c1OCCO2
248,7.358525889495901,CHEMBL3805333,COCCOc1cc2ncnc(Nc3ccc(F)c([N+](=O)[O-])c3)c2c2c1OCCO2
249,7.083546051450075,CHEMBL3805383,CC(C)Oc1cc2ncnc(Nc3ccc(F)c([N+](=O)[O-])c3)c2c2c1OCCO2
250,4.090443970758825,CHEMBL3805409,Clc1cccc(C2CC(c3ccc4c(c3)OCCO4)=NN2c2ccccc2)c1
251,8.09151498112135,CHEMBL3805461,C#Cc1cccc(Nc2ncnc3cc(OCCOC)c4c(c23)OCCO4)c1
252,5.101274818410507,CHEMBL3805508,c1ccc(COc2cccc(C3CC(c4ccc5c(c4)OCCO5)=NN3c3ccccc3)c2)cc1
253,7.625251653989896,CHEMBL3805509,C#Cc1cccc(Nc2ncnc3cc(OC(C)C)c4c(c23)OCCO4)c1
254,7.118615343229427,CHEMBL3805584,C#Cc1cccc(Nc2ncnc3cc(OC(C)COC)c4c(c23)OCCO4)c1
255,7.012423105273013,CHEMBL3805588,FC(F)(F)c1cccc(Nc2ncnc3cc(OCCCN4CCOCC4)c4c(c23)OCCO4)c1
256,6.453704164878558,CHEMBL3805654,CCOC(C)Oc1cc2ncnc(Nc3ccc(F)c(C#N)c3)c2c2c1OCCO2
257,7.6585654754218595,CHEMBL3805681,Clc1cccc(Nc2ncnc3cc(OCCCN4CCOCC4)c4c(c23)OCCO4)c1
258,8.356547323513812,CHEMBL3805774,CCOc1cc2ncnc(Nc3cccc(OC)c3)c2c2c1OCCO2
259,7.049635145623877,CHEMBL3805775,COCC(C)Oc1cc2ncnc(Nc3ccc(F)c(Cl)c3)c2c2c1OCCO2
260,3.716698771296451,CHEMBL3805849,Clc1ccc(C2CC(c3ccc4c(c3)OCCO4)=NN2c2ccccc2)cc1Cl
261,8.443697499232712,CHEMBL3805859,CCOc1cc2ncnc(Nc3ccc(C)cc3)c2c2c1OCCO2
262,6.5036239459876,CHEMBL3805949,CC(C)Oc1cc2ncnc(Nc3ccc(F)c(C#N)c3)c2c2c1OCCO2
263,6.698319050706424,CHEMBL3806005,COCCOc1cc2ncnc(Nc3ccc(F)cc3)c2c2c1OCCO2
264,6.962175249411659,CHEMBL3806066,COCCOc1cc2ncnc(Nc3cccc(OC)c3)c2c2c1OCCO2
265,7.978810700930062,CHEMBL3806110,COCCOc1cc2ncnc(Nc3ccc(F)c(Cl)c3)c2c2c1OCCO2
266,7.733298033115912,CHEMBL3806143,Brc1cccc(Nc2ncnc3cc(OCCCN4CCOCC4)c4c(c23)OCCO4)c1
267,6.633950790199765,CHEMBL3806172,CCOC(C)Oc1cc2ncnc(Nc3ccc(F)c([N+](=O)[O-])c3)c2c2c1OCCO2
268,7.441291429466834,CHEMBL3806200,COCCOc1cc2ncnc(Nc3ccc(Cl)c([N+](=O)[O-])c3)c2c2c1OCCO2
269,8.698970004336019,CHEMBL3806248,CCOc1cc2ncnc(Nc3ccc(F)c(Cl)c3)c2c2c1OCCO2
270,7.647817481888637,CHEMBL3806292,COc1cc2ncnc(Nc3ccc(F)c(Cl)c3)c2c2c1OCCO2
271,6.3808022842070535,CHEMBL3806321,Cc1ccc(Nc2ncnc3cc(OC(C)C)c4c(c23)OCCO4)cc1C#N
272,7.355561410532162,CHEMBL3828079,Cn1cc(-c2ccc3ncnc(Nc4ccc5ncccc5c4)c3c2)cn1
273,9.221848749616356,CHEMBL3891846,C[C@@H](Nc1ncnc2oc(-c3ccc(NCCN4CCCCC4)cc3)cc12)c1ccccc1
274,7.795880017344075,CHEMBL3899132,CCOc1cc2ncnc(Nc3ccc4c(ccn4S(=O)(=O)c4ccccc4)c3)c2cc1NC(=O)/C=C/CN(C)C
275,6.0,CHEMBL3905921,COc1cc(N2CCC(N3CCCCC3)CC2)ccc1Nc1nccc(-c2c(-c3cccc(C(=O)Nc4ccc(F)cc4Cl)c3)nc3ccccn23)n1
276,6.0,CHEMBL3907756,COc1cc(N2CCC(N3CCCCC3)CC2)ccc1Nc1nccc(-c2c(-c3cccc(C(=O)Nc4ccc(Cl)cc4F)c3)nc3ccccn23)n1
277,7.0655015487564325,CHEMBL3908272,O=S(=O)(Nc1ncccn1)c1ccc(Nc2nncc3ccccc23)cc1
278,6.293282217663242,CHEMBL3916644,CCC(=O)Nc1cc2c(Nc3ccc(Oc4ccc5c(c4)OCO5)cc3)ncnc2cc1OC
279,7.102372908709559,CHEMBL3921347,CCC(=O)Nc1cc2c(Nc3ccc4[nH]ncc4c3)ncnc2cc1OC
280,8.045757490560675,CHEMBL3921555,CN1CCN(C/C=C/C(=O)Nc2cc3c(Nc4ccc(F)c(Cl)c4)ncnc3cn2)CC1
281,7.0,CHEMBL3922068,Nc1cc(Br)ccc1NC(=O)COc1ccc2ncnc(Nc3ccc(F)c(Cl)c3)c2c1
282,6.0,CHEMBL3923275,Cc1ccc(OCCN(C)C)cc1Nc1nccc(-c2c(-c3cccc(C(=O)Nc4c(F)cccc4F)c3)nc3ccccn23)n1
283,6.958607314841775,CHEMBL392664,Fc1cccc(Cn2ncc3cc(Nc4ncnn5ccc(CNC6CCNCC6)c45)ccc32)c1
284,7.537602002101044,CHEMBL3930965,COc1cc2ncnc(Nc3ccc(Cc4ccccn4)cc3)c2cc1NC(=O)/C=C/CN1CCCC1
285,7.007888512213051,CHEMBL3931038,C=CC(=O)Nc1cccc(Nc2nc(Nc3ccc(-n4ccnc4)cc3)ncc2[N+](=O)[O-])c1
286,6.0,CHEMBL3937303,CCCN1CCC(c2cc(OC)c(Nc3nccc(-c4c(-c5ccc(OC)c(C(=O)Nc6c(F)cccc6F)c5)nc5ccccn45)n3)cc2C)CC1
287,6.0,CHEMBL3940401,COc1ccn2c(-c3ccnc(Nc4ccc(N5CCC(N6CCCCC6)CC5)cc4OC)n3)c(-c3ccc(OC)c(C(=O)Nc4c(F)cccc4F)c3)nc2c1
288,7.187086643357144,CHEMBL3943512,CCC(=O)Nc1cc2c(Nc3ccc(Oc4ccccc4)cc3)ncnc2cc1OC
289,6.055024091587953,CHEMBL3944572,CCC(=O)Nc1cc2c(Nc3ccc(Oc4cccc(F)c4)cc3)ncnc2cc1OC
290,6.698970004336019,CHEMBL394462,Cc1ccn2ncnc(Nc3ccc4c(cnn4Cc4ccccn4)c3)c12
291,5.7447274948966935,CHEMBL394463,Cc1ccn2ncnc(Nc3ccc4c(cnn4Cc4cccnc4)c3)c12
292,8.173925197299173,CHEMBL3950630,Cc1cc(C)nc(NS(=O)(=O)c2ccc(Nc3nncc4ccccc34)cc2)n1
293,6.0,CHEMBL3955829,COc1cc(N2CCC(N3CCCCC3)CC2)ccc1Nc1nccc(-c2c(-c3cccc(C(=O)Nc4ccc(F)cc4F)c3)nc3ccccn23)n1
294,6.301029995663981,CHEMBL396079,c1ccc(Cn2ncc3cc(Nc4ncnn5ccc(COC[C@@H]6CNCCO6)c45)ccc32)nc1
295,6.46470587995723,CHEMBL3972605,CCC(=O)Nc1cc2c(Nc3ccc(C(O)c4ccccc4)cc3)ncnc2cc1OC
296,6.213958789757446,CHEMBL3975598,COC(=O)CNC(=O)c1ccc(Nc2ncnc3cc(OCCCN4CCN(C)CC4)c(OC)cc23)cc1
297,6.896196279044043,CHEMBL3981041,CCC(=O)Nc1cc2c(Nc3ccc4c(ccn4S(=O)(=O)c4ccccc4)c3)ncnc2cc1OC
298,6.0,CHEMBL3985011,CN(C)CCOc1cccc(Nc2nccc(-c3c(-c4cccc(C(=O)Nc5cc(C(F)(F)F)ccc5F)c4)nc4ccccn34)n2)c1
299,7.847711655616944,CHEMBL4059772,C=CC(=O)Nc1cccc(Nc2nc(Nc3ccc(/C=C/c4cc(Cl)cc(Cl)c4)cc3)ncc2F)c1
300,7.754487332185851,CHEMBL4060198,CCC(=O)N1CC[C@H](N2C(=O)N(c3ccccc3F)Cc3cnc(Nc4ccc(N5CCN(C)CC5)c(C)c4)nc32)C1
301,8.508638306165727,CHEMBL4061473,C=CC(=O)N1CCC[C@@H]1CSc1nc(-c2ccc(F)cc2)c(-c2ccnc(Nc3ccccc3)c2)[nH]1
302,8.154901959985743,CHEMBL4062178,Cc1cc(Nc2ncc3c(n2)N([C@H]2CCN(C(=O)CO)C2)C(=O)N(c2ccccc2Cl)C3)ccc1N1CCN(C)CC1
303,7.277366077466188,CHEMBL4062830,CCCN1CC[C@H](N2C(=O)N(c3ccccc3Cl)Cc3cnc(Nc4ccc(N5CCN(C)CC5)c(C)c4)nc32)C1
304,6.384049948343598,CHEMBL4063067,CCC(=O)N1CC[C@H](N2C(=O)N(c3cccc(OC)c3Cl)Cc3cnc(Nc4ccc(N5CCN(C)CC5)c(C)c4)nc32)C1
305,7.539102157243452,CHEMBL4065970,CCCC(=O)N1CC[C@H](N2C(=O)N(c3ccccc3Cl)Cc3cnc(Nc4ccc(N5CCN(C)CC5)c(C)c4)nc32)C1
306,6.221848749616356,CHEMBL4065984,CCC(=O)N1CC[C@H](N2C(=O)N(c3cc(OC)ccc3F)Cc3cnc(Nc4ccc(N5CCN(C)CC5)c(OC)c4)nc32)C1
307,7.991399828238083,CHEMBL4066170,C=CC(=O)Nc1cc(Nc2nccc(-c3cn(C)c4ccc(F)cc34)n2)c(OC)cc1N(C)CC[N+](C)(C)[O-]
308,7.94692155651658,CHEMBL4067855,C=CC(=O)Nc1cccc(Nc2nc(Nc3ccc(/C=C/c4cc(Cl)cc(Cl)c4)cc3)ncc2Cl)c1
309,6.590066876668706,CHEMBL4067916,CCC(=O)N1CC[C@H](N2C(=O)N(c3cccc(OC(F)F)c3)Cc3cnc(Nc4ccc(N5CCN(C)CC5)c(C)c4)nc32)C1
310,7.337242168318426,CHEMBL4068092,C=CC(=O)NCc1cn(Cc2cccc(Nc3cc(-c4[nH]c(SC)nc4-c4ccc(F)cc4)ccn3)c2)nn1
311,5.4685210829577455,CHEMBL4068695,CCC(=O)N1CC[C@H](N2C(=O)N(c3cc(OC)ccc3F)Cc3cnc(Nc4ccc(N5CCN(C)CC5)c(C(F)(F)F)c4)nc32)C1
312,8.275724130399212,CHEMBL4068839,C=CC(=O)N1CCC[C@@H](n2nc(-c3ccc(OCc4ccccn4)c(Cl)c3)c3c(N)ncnc32)C1
313,6.725380380908762,CHEMBL4069277,C=CC(=O)Nc1cc(Nc2nccc(-c3cn4c5c(cccc35)CCC4)n2)c(OC)cc1N(C)CCN(C)C(C)=O
314,7.446116973356126,CHEMBL4070404,CCC(=O)N1CC[C@H](N2C(=O)N(c3cccc(F)c3)Cc3cnc(Nc4ccc(N5CCN(C)CC5)c(C)c4)nc32)C1
315,7.562249437179612,CHEMBL4070640,CCC(=O)N1CC[C@H](N2C(=O)N(c3ccccc3OC)Cc3cnc(Nc4ccc(N5CCN(C)CC5)c(C)c4)nc32)C1
316,8.721246399047171,CHEMBL4070707,C=CC(=O)N1CCC[C@H]1CSc1nc(-c2ccc(F)cc2)c(-c2ccnc(Nc3ccccc3)c2)[nH]1
317,9.30102999566398,CHEMBL4071474,C=CC(=O)N1CC[C@H](N2C(=O)N(c3ccccc3Cl)Cc3cnc(Nc4ccc(N5CCN(C)CC5)c(C)c4)nc32)C1
318,7.749579997691106,CHEMBL4072620,C=CC(=O)Nc1cc(Nc2nccc(-c3cn(C)c4c(F)cccc34)n2)c(OC)cc1N(C)CC[N+](C)(C)[O-]
319,7.576754126063192,CHEMBL4073278,C=CC(=O)Nc1cccc(Nc2nc(Nc3ccc(/C=C/c4cc(C)cc(C)c4)cc3)ncc2Cl)c1
320,7.91721462968355,CHEMBL4074601,CC(=O)N1CC[C@H](N2C(=O)N(c3ccccc3Cl)Cc3cnc(Nc4ccc(N5CCN(C)CC5)c(C)c4)nc32)C1
321,5.6020599913279625,CHEMBL4074615,CCC(=O)N1CC[C@H](N2C(=O)N(c3cc(OC)ccc3F)Cc3cnc(Nc4ccc(N5CCN(C)CC5)cc4C)nc32)C1
322,6.8297382846050425,CHEMBL4078026,CCC(=O)N1CC[C@H](N2C(=O)N(c3cc(OC)ccc3F)Cc3cnc(Nc4ccc(N5CCN(C(C)=O)CC5)c(C)c4)nc32)C1
323,6.375717904164333,CHEMBL4078801,CCC(=O)N1CC[C@H](N2C(=O)N(c3cccc(OC)c3F)Cc3cnc(Nc4ccc(N5CCN(C)CC5)c(C)c4)nc32)C1
324,5.886056647693163,CHEMBL4079506,CCC(=O)N1CC[C@H](N2C(=O)N(c3cc(OC)ccc3F)Cc3cnc(Nc4ccc(N5CCN(C)CC5)c(F)c4)nc32)C1
325,6.841637507904751,CHEMBL4079649,CCC(=O)N1CC[C@H](N2C(=O)N(c3cccc(Cl)c3)Cc3cnc(Nc4ccc(N5CCN(C)CC5)c(C)c4)nc32)C1
326,8.193820026016112,CHEMBL4079658,C=CC(=O)Nc1cc(Nc2nccc(-c3cn(C)c4ccccc34)n2)c(OC)cc1N(C)CC[N+](C)(C)[O-]
327,6.815308569182402,CHEMBL4081252,CCC(=O)N1CC[C@H](N2C(=O)N(c3ccc(OC)cc3)Cc3cnc(Nc4ccc(N5CCN(C)CC5)c(C)c4)nc32)C1
328,8.346787486224656,CHEMBL4082362,C=CC(=O)Nc1ccc(OC)c(Nc2cc(-c3[nH]c(SC)nc3C3CCCC3)ccn2)c1
329,6.008406259143765,CHEMBL4082724,COc1cc2c(Oc3ccc(NC(=O)c4nc5ccccc5n(-c5ccc(F)cc5)c4=O)cc3F)ccnc2cc1OCCCN1CCN(C)CC1
330,7.221848749616356,CHEMBL4082783,C=CC(=O)N1CCC[C@@H](n2nc(C#CC3CCCC3)c3c(N)ncnc32)C1
331,7.575118363368933,CHEMBL4083904,Cc1cc(Nc2ncc3c(n2)N([C@H]2CCN(C(=O)CN(C)C)C2)C(=O)N(c2ccccc2Cl)C3)ccc1N1CCN(C)CC1
332,6.437707135543525,CHEMBL4083916,CCC(=O)N1CC[C@H](N2C(=O)N(c3cc(OC)ccc3F)Cc3cnc(Nc4ccc(N5CCN(C)CC5)c(C(C)C)c4)nc32)C1
333,6.428291168191313,CHEMBL4084726,CCC(=O)N1CC[C@H](N2C(=O)N(c3cc(OC)ccc3Cl)Cc3cnc(Nc4ccc(N5CCN(C)CC5)c(C)c4)nc32)C1
334,7.458420756053419,CHEMBL4087243,C=CC(=O)Nc1cc(Nc2nccc(-c3cn4c5c(cccc35)CCC4)n2)c(OC)cc1N(C)CCO
335,7.653647025549361,CHEMBL4087375,Cc1cc(Nc2ncc3c(n2)N([C@H]2CCN(C(=O)CC(C)C)C2)C(=O)N(c2ccccc2Cl)C3)ccc1N1CCN(C)CC1
336,5.795880017344075,CHEMBL4087383,CCC(=O)N1CC[C@H](N2C(=O)N(c3cc(OC)ccc3F)Cc3cnc(Nc4ccc(N5CCN(C)CC5)cc4OC)nc32)C1
337,4.064492734175288,CHEMBL4087489,C1=CC2=C(Cc3nnc(Cc4nc5ccccc5[nH]4)o3)CNC2C=C1
338,6.437707135543525,CHEMBL4087525,CCC(=O)N1CC[C@H](N2C(=O)N(c3cccc(C)c3)Cc3cnc(Nc4ccc(N5CCN(C)CC5)c(C)c4)nc32)C1
339,8.221848749616356,CHEMBL4087538,C=CC(=O)Nc1cc(Nc2nccc(-c3cn(C)c4c(F)cccc34)n2)c(OC)cc1N(C)CCN(C)C
340,7.958607314841775,CHEMBL4087570,C=CC(=O)Nc1cccc(Nc2nc(Nc3ccc(/C=C/c4cc(C)cc(C)c4)cc3)ncc2F)c1
341,6.051098239029787,CHEMBL4089120,CCC(=O)N1CC[C@H](N2C(=O)N(c3cccc(OC(F)(F)F)c3)Cc3cnc(Nc4ccc(N5CCN(C)CC5)c(C)c4)nc32)C1
342,7.714442690992226,CHEMBL4089588,O=C(Nc1ccc(Cl)cc1)Nc1ccc2ncnc(Nc3cccc(Br)c3)c2c1
343,8.119186407719209,CHEMBL4089951,CCC(=O)N1CC[C@H](N2C(=O)N(c3ccccc3C)Cc3cnc(Nc4ccc(N5CCN(C)CC5)c(C)c4)nc32)C1
344,7.531652669587842,CHEMBL4092632,Cc1cc(Nc2ncc3c(n2)N([C@H]2CCN(C(=O)C(C)(C)C)C2)C(=O)N(c2ccccc2Cl)C3)ccc1N1CCN(C)CC1
345,6.555642874343972,CHEMBL4092788,C=CC(=O)Nc1cc(Nc2nccc(-c3cn4c5c(cccc35)CCC4)n2)c(OC)cc1N(C)CC(=O)N(C)C
346,6.14569395819892,CHEMBL4093535,CCC(=O)N1CC[C@H](N2C(=O)N(c3cc(OC)ccc3F)Cc3cnc(Nc4ccc(N5CCN(C)C(C)C5)c(C)c4)nc32)C1
347,7.804100347590767,CHEMBL4093954,C=CC(=O)Nc1cccc(Nc2nc(Nc3ccc(/C=C/c4cc(OC)cc(OC)c4)cc3)ncc2Cl)c1
348,7.886056647693163,CHEMBL4094086,C=CC(=O)Nc1cc(Nc2nc(OC)cc(-c3cn(C)c4ccccc34)n2)c(OC)cc1N(C)CCN(C)C
349,8.070581074285707,CHEMBL4095063,Cc1cc(Nc2ncc3c(n2)N([C@H]2CCN(C(=O)C(C)C)C2)C(=O)N(c2ccccc2Cl)C3)ccc1N1CCN(C)CC1
350,5.958607314841776,CHEMBL4095071,CCC(=O)N1CC[C@H](N2C(=O)N(c3cc(OC)ccc3F)Cc3cnc(Nc4ccc(N5CCN(C)CC5)cc4)nc32)C1
351,8.09151498112135,CHEMBL4095271,C=CC(=O)Nc1cccc(Nc2nc(Nc3ccc(/C=C/c4ccc(C)cc4C)cc3)ncc2F)c1
352,6.285670240254767,CHEMBL4096014,CCC(=O)N1CC[C@H](N2C(=O)N(c3cc(OC)ccc3F)Cc3cnc(Nc4ccc(N5CCN(C)CC5)c(CC)c4)nc32)C1
353,6.441291429466834,CHEMBL4096822,CCC(=O)N1CC[C@H](N2C(=O)N(c3cc(OC)ccc3F)Cc3cnc(Nc4ccc(N5CCN(C)CC5)c(C)c4)nc32)C1
354,7.145086977692145,CHEMBL4097682,CCC(=O)N1CC[C@H](N2C(=O)N(c3ccc(F)cc3)Cc3cnc(Nc4ccc(N5CCN(C)CC5)c(C)c4)nc32)C1
355,6.423658649794207,CHEMBL4097770,CCC(=O)N1CC[C@H](N2C(=O)N(c3ccc(C)cc3)Cc3cnc(Nc4ccc(N5CCN(C)CC5)c(C)c4)nc32)C1
356,7.804100347590767,CHEMBL4098507,CCC(=O)N1CC[C@H](N2C(=O)N(c3ccccc3Cl)Cc3cnc(Nc4ccc(N5CCN(C)CC5)c(C)c4)nc32)C1
357,7.6307841425898575,CHEMBL4098591,CCC(=O)N1CC[C@@H](N2C(=O)N(c3ccccc3Cl)Cc3cnc(Nc4ccc(N5CCN(C)CC5)c(C)c4)nc32)C1
358,7.195179321278838,CHEMBL4099008,C=CC(=O)N1CCC(Cn2c(=O)cc(C)c3cnc(Nc4ccc(N5CCN(C)CC5)cc4OC)nc32)C1
359,5.958607314841776,CHEMBL4100075,Cc1nc(C)c(/C=C2\CC(C)C/C(=C\c3nc(C)c(C)nc3C)C2=O)nc1C
360,6.20342566678957,CHEMBL4102288,CCC(=O)N1CC[C@H](N2C(=O)N(c3cc(OC)ccc3F)Cc3cnc(Nc4ccc(N5CCOCC5)c(C)c4)nc32)C1
361,5.920818753952375,CHEMBL4103761,CCC(=O)N1CC[C@H](N2C(=O)N(c3cc(OC)ccc3F)Cc3cnc(Nc4ccc(N5CCN(C)CC5)c(Cl)c4)nc32)C1
362,6.051489231162343,CHEMBL4103893,CCC(=O)N1CC[C@H](N2C(=O)N(c3cc(OC)ccc3F)Cc3cnc(Nc4ccc(N5C[C@@H](C)N(C)[C@@H](C)C5)c(C)c4)nc32)C1
363,8.585026652029182,CHEMBL4104658,C=CC(=O)Nc1cc(Nc2nccc(-c3cn4c5c(cccc35)CCC4)n2)c(OC)cc1N(C)CCN(C)C
364,6.416801226031378,CHEMBL4105392,CCC(=O)N1CC[C@H](N2C(=O)N(c3ccc(Cl)cc3)Cc3cnc(Nc4ccc(N5CCN(C)CC5)c(C)c4)nc32)C1
365,8.167491087293763,CHEMBL4105442,C=CC(=O)Nc1cccc(Nc2nc(Nc3ccc(/C=C/c4ccc(C)cc4C)cc3)ncc2Cl)c1
366,6.379863945026242,CHEMBL4105503,CCC(=O)N1CC[C@H](N2C(=O)N(c3cccc(OC)c3)Cc3cnc(Nc4ccc(N5CCN(C)CC5)c(C)c4)nc32)C1
367,9.397940008672036,CHEMBL4112924,CO[C@@H]1COC2C1OC[C@H]2Oc1cc2ncnc(Nc3ccc(F)c(Cl)c3)c2cc1NC(=O)/C=C/CN(C)C
368,6.939302159646388,CHEMBL4126986,C=CC(=O)Nc1cccc(-n2c(=O)n(C(C)C)c(=O)c3cnc(Nc4ccc(OCCN(C)C)cc4OC)nc32)c1
369,7.167491087293763,CHEMBL4128726,C=CC(=O)Nc1cccc(-n2c(=O)n(C)c(=O)c3cnc(Nc4ccccc4)nc32)c1
370,8.187086643357144,CHEMBL4129209,C=CC(=O)N[C@@H]1CCCN(c2nc(Nc3ccccc3)nc3cnc(Nc4ccc(N5CCN(C)CC5)cn4)cc23)C1
371,7.847711655616944,CHEMBL4129287,C=CC(=O)N[C@H]1CCCN(c2nc(Nc3ccccc3)nc3cnc(Nc4ccc(N5CCN(C)CC5)cn4)cc23)C1
372,7.795880017344075,CHEMBL4129902,C=CC(=O)Nc1cccc(-n2c(=O)n(C(C)C)c(=O)c3cnc(Nc4ccc(N(C)CCN(C)C)cc4OC)nc32)c1
373,5.474955192963156,CHEMBL4160329,COc1cc2c(Oc3ccc(C4SCC(=O)N4NC(=O)Nc4ccc(F)cc4F)cc3)ccnc2cc1OCCCN1CCOCC1
374,7.481486060122113,CHEMBL4162530,CCC/C=C/C(=O)Nc1cc2c(N3CCCc4ccccc43)ncnc2cc1OC
375,7.785156151952302,CHEMBL4164396,C=CC(=O)Nc1cc(Nc2nccc(Nc3ccccc3-c3ccn(C)n3)n2)c(OC)cc1OCCN(C)C
376,5.3872161432802645,CHEMBL4170935,COc1cc2c(Oc3ccc(C4SCC(=O)N4NC(=O)Nc4ccccc4F)cc3)ccnc2cc1OCCCN1CCOCC1
377,6.090443970758825,CHEMBL4171115,COc1cc2c(Oc3ccc(NC(=O)NN4C(=O)CSC4c4c(F)cccc4F)c(F)c3)ccnc2cc1OCCCN1CCCC1
378,8.387216143280265,CHEMBL4175045,C=CC(=O)Nc1cc(Nc2nccc(Nc3ccccc3-c3ccn(C)n3)n2)c(OC)cc1N(C)CCN(C)C
379,7.142667503568732,CHEMBL4176787,COc1cc2ncnc(N3CCCc4ccccc43)c2cc1NC(=O)/C=C/CN(C)C
380,5.356547323513812,CHEMBL419409,COc1ccc(C#CC(C)(C)N)cc1C(=O)c1ccc(Nc2ccc(F)cc2F)cc1
381,8.958607314841775,CHEMBL4206716,CN1CCN(c2ccc(Nc3cc4c(N5CCCCC5)nc(Nc5ccccc5)nc4cn3)nc2)CC1
382,5.962573502059376,CHEMBL4209119,COc1cc(N2CCN(C)CC2)ccc1Nc1ncc(Cl)c(Oc2ccc(NC(=O)CCOCc3ccccc3)cc2)n1
383,6.026872146400302,CHEMBL4211573,COc1cc(N2CCN(C)CC2)ccc1Nc1ncc(Cl)c(Oc2ccc(NC(=O)COCc3ccccc3)cc2)n1
384,7.602059991327963,CHEMBL424093,Brc1cccc(Nc2ncnc3ccc(N/N=N/Cc4ccccc4)cc23)c1
385,8.327902142064282,CHEMBL4276842,C=CC(=O)Nc1cccc(-n2c(=O)c(=O)n(C)c3cnc(Nc4ccc(N5CCN(C)CC5)cc4OC)nc32)c1
386,9.096910013008056,CHEMBL4277911,C=C=CC(=O)Nc1cc(Nc2nccc(-c3cn(C)c4ccccc34)n2)c(OC)cc1N(CC)CCN(C)C
387,8.886056647693163,CHEMBL4277912,C=CC(=O)Nc1cccc(-n2c(=O)c(=O)n(C(C)C)c3cnc(Nc4ccc(N5CCN(C)CC5)c(OC)c4)nc32)c1
388,7.663540266151471,CHEMBL4278226,C=CC(=O)Nc1ccccc1Nc1nc(Nc2ccc(NC(=O)CN3CCOCC3)cc2)ncc1Cl
389,8.886056647693163,CHEMBL4278815,C=C=CC(=O)Nc1cc(Nc2nccc(-c3cnn4ccccc34)n2)c(OC)cc1N(C)CCN(C)C
390,9.154901959985745,CHEMBL4279057,C=C=CC(=O)Nc1cc(Nc2nccc(-c3cn(C)c4ccccc34)n2)c(OC)cc1N1CCC(N(C)C)C1
391,9.30102999566398,CHEMBL4279227,C=C=CC(=O)Nc1cc(Nc2nccc(-c3c[nH]c4ccccc34)n2)c(OC)cc1N(C)CCN(C)C
392,5.927382523454764,CHEMBL4280749,O=C1Nc2ccc(S(=O)(=O)N3CCOCC3)cc2/C1=N/c1ccc(/N=C2\C(=O)Nc3ccc(S(=O)(=O)N4CCOCC4)cc32)cc1
393,8.568636235841012,CHEMBL4280993,C=C=CC(=O)Nc1cc(Nc2nccc(-c3cn(C)c4ccccc34)n2)c(C)cc1N(C)CCN(C)C
394,8.602059991327963,CHEMBL4281367,C=CC(=O)Nc1cccc(-n2c(=O)c(=O)[nH]c3cnc(Nc4ccc(N5CCN(C)CC5)cc4OC)nc32)c1
395,7.638272163982407,CHEMBL4282506,N#CCC(=O)N/N=C1\C(=O)Nc2ccc(S(=O)(=O)N3CCOCC3)cc21
396,8.823908740944319,CHEMBL4282523,C=C=CC(=O)Nc1cc(Nc2nccc(-c3cn(C)c4ccccc34)n2)ccc1N(C)CCN(C)C
397,9.154901959985745,CHEMBL4282688,C=C=CC(=O)Nc1cc(Nc2ncc(OC)c(-c3cn(C)c4ccccc34)n2)c(OC)cc1N(C)CCN(C)C
398,8.920818753952375,CHEMBL4284780,C=CC(=O)Nc1cccc(-n2c(=O)c(=O)n(CC)c3cnc(Nc4ccc(N5CCN(C)CC5)cc4OC)nc32)c1
399,9.221848749616356,CHEMBL4285217,C=CC(=O)Nc1cccc(-n2c(=O)c(=O)n(CCC)c3cnc(Nc4ccc(N5CCN(C)CC5)cc4OC)nc32)c1
400,8.853871964321762,CHEMBL4286318,C=C=CC(=O)Nc1cc(Nc2nccc(-c3cn(C)c4ccccc34)n2)c(OC)cc1N(C)CCN(C)C
401,6.920818753952375,CHEMBL4286374,O=C(Nc1ccc2ncnc(Nc3cccc(Br)c3)c2c1)c1ccc(C(F)(F)F)cc1O
402,9.0,CHEMBL4287141,C=C=CC(=O)Nc1cc(Nc2nccc(-c3cn(C)c4cc(F)ccc34)n2)c(OC)cc1N(C)CCN(C)C
403,7.015022873584506,CHEMBL4288482,C=CC(=O)Nc1cccc(Nc2nc(Nc3ccc(CC(=O)N4CCOCC4)cc3)ncc2Cl)c1
404,8.853871964321762,CHEMBL4288562,C=CC(=O)Nc1cccc(-n2c(=O)c(=O)n(C(C)C)c3cnc(Nc4ccc(N5CCN(C)CC5)c(C)c4)nc32)c1
405,6.124360062995832,CHEMBL4288648,O=C1Nc2ccc(S(=O)(=O)N3CCOCC3)cc2/C1=N/c1ccc(O)cc1
406,8.585026652029182,CHEMBL4289490,C=C=CC(=O)Nc1cc(Nc2nccc(-c3cn(C)c4cc(Cl)ccc34)n2)c(OC)cc1N(C)CCN(C)C
407,9.0,CHEMBL4290568,C=C=CC(=O)Nc1cc(Nc2ncc(C)c(-c3cn(C)c4ccccc34)n2)c(OC)cc1N(C)CCN(C)C
408,8.008773924307505,CHEMBL4290869,CC(C)(O)CC(=O)NCCc1ccc2ncnc(Nc3ccc(Oc4cccc(C(F)(F)F)c4)c(Cl)c3)c2c1
409,9.110924374808178,CHEMBL4293051,C=CC(=O)Nc1cccc(-n2c(=O)c(=O)n(C(C)C)c3cnc(Nc4ccc(N5CCN(C)CC5)cc4OC)nc32)c1
410,9.096910013008056,CHEMBL4293126,C=C=CC(=O)Nc1cc(Nc2nccc(-c3cn(C)c4ccccc34)n2)c(OCC)cc1N(C)CCN(C)C
411,7.236572006437063,CHEMBL437584,COc1ccccc1Cc1nc2ccc(-c3nn([C@H]4CC[C@H](N5CCOCC5)CC4)c4ncnc(N)c34)cc2[nH]1
412,7.42021640338319,CHEMBL4434924,COc1cc(N(C)CCN(C)C)c(NC(=O)/C=C\C(C)C)cc1Nc1nc(C)cc(-c2cn(C)c3ccccc23)n1
413,8.366531544420413,CHEMBL4436337,C=CC(=O)Nc1cccc(Nc2ncnc3cc(OC)c(OCCN4CCOCC4)cc23)c1
414,8.301029995663981,CHEMBL4436695,C=CC(=O)Nc1cc2c(Nc3ccc(F)c(Cl)c3)ncnc2cc1OCc1cn(Cc2ccc(OC)cc2)nn1
415,6.401209493236885,CHEMBL4438905,COc1cc(N(C)CCN(C)C)c(NC(=O)/C=C\C(C)C)cc1Nc1nccc(-c2cn(C)c3ccccc23)n1
416,8.0,CHEMBL4439632,C=C(Cl)C(=O)Nc1cc(Nc2nc(C)cc(-c3cn(C)c4ccccc34)n2)c(OC)cc1N(C)CCN(C)C
417,6.501689446210399,CHEMBL4439933,COc1cc(Nc2cc(NC(=O)Nc3c(Cl)cccc3Cl)ncn2)cc(OC)c1
418,6.701146923590294,CHEMBL4441244,N#Cc1cnc2ccc(NC(=O)C3CSSC3)cc2c1Nc1ccc(OCc2cccc(F)c2)c(Cl)c1
419,8.397940008672037,CHEMBL4441606,C=CC(=O)Nc1cc(Nc2nccc(-c3cn(C)c4ccccc34)n2)c(OC)cc1[S+]([O-])CCN(C)C
420,7.481486060122113,CHEMBL4441933,C=C(Cl)C(=O)Nc1cc(Nc2nccc(-c3cn(C)c4ccccc34)n2)c(OC)cc1N(C)CCN(C)C
421,5.344861565188618,CHEMBL4442035,COc1cc2c(Oc3ccc(C4SCC(=O)N4NC(=O)Nc4ccccc4)cc3)ccnc2cc1OCCCN1CCOCC1
422,5.323306390375134,CHEMBL4445015,COc1cc2c(Oc3ccc(C4SCC(=O)N4NC(=O)Nc4cc(F)cc(F)c4)cc3)ccnc2cc1OCCCN1CCOCC1
423,6.000869458712629,CHEMBL4445761,CC/C=C\C(=O)Nc1cc(Nc2nc(C)cc(-c3cn(C)c4ccc(F)cc34)n2)c(OC)cc1N(C)CCN(C)C
424,7.795880017344075,CHEMBL4445797,CC/C=C\C(=O)Nc1cc(Nc2ncc(C#N)c(-c3cn(C)c4ccccc34)n2)c(OC)cc1N(C)CCN(C)C
425,8.301029995663981,CHEMBL444619,COc1cc(ON2CCC(C)CC2)c2c(Nc3ccc(OCc4ccccn4)c(Cl)c3)ncnc2c1
426,7.186419011431808,CHEMBL4446258,CCC(=O)N1CCC[C@@H](n2c(=O)c(-c3ccccc3Cl)c(C)c3cnc(Nc4ccc(N5CCN(C)CC5)c(C)c4)nc32)C1
427,6.978810700930062,CHEMBL4447982,C=CC(=O)Nc1cc(Nc2nccc(-c3cn(C)c4ccccc34)n2)c(OC)cc1N(C)CC[S+](C)[O-]
428,5.705533773838408,CHEMBL4448494,Cc1nc2c(F)cc(-c3nc(Nc4ccc5c(n4)CCN(CCN(C)C)C5)ncc3F)cc2n1C(C)C
429,7.052566278112949,CHEMBL4450934,CCC(=O)N1CCC[C@@H](n2c(=O)c(-c3ccc(F)cc3Cl)c(C)c3cnc(Nc4ccc(N5CCN(C)CC5)c(C)c4)nc32)C1
430,7.2839966563652,CHEMBL4451986,C/C=C\C(=O)Nc1cc(Nc2nccc(-c3cn(C)c4ccccc34)n2)c(OC)cc1N(C)CCN(C)C
431,6.659555885159882,CHEMBL4452628,COc1cc(N(C)CCN(C)C)c(NC(=O)/C=C\C(C)C)cc1Nc1ncc(C#N)c(-c2cn(C)c3ccccc23)n1
432,6.642255674819625,CHEMBL4453276,CCC(=O)N1CCC[C@@H](n2c(=O)c(-c3ccccc3C)c(C)c3cnc(Nc4ccc(N5CCN(C)CC5)c(C)c4)nc32)C1
433,6.913640169325252,CHEMBL4454745,C=CC(=O)Nc1cc(Nc2nccc(-c3cn(C)c4ccccc34)n2)c(OC)cc1N(C)CCCl
434,7.42021640338319,CHEMBL4454929,C=CC(=O)Nc1cc(Nc2nccc(-c3cn(C)c4ccccc34)n2)c(OC)cc1N1CCS(=O)(=O)CC1
435,8.397940008672037,CHEMBL4454948,C=CC(=O)Nc1cc2c(Nc3ccc(F)c(Cl)c3)ncnc2cc1OCc1cn(Cc2cccc(F)c2)nn1
436,7.744727494896694,CHEMBL4456266,CCOc1cc2ncc(C#N)c(Nc3ccc(OCc4cccc(F)c4)c(Cl)c3)c2cc1NC(=O)C1CSSC1
437,5.366531544420414,CHEMBL4456494,COc1cc2c(Oc3ccc(C4SCC(=O)N4NC(=O)Nc4ccc(F)cc4)cc3)ccnc2cc1OCCCN1CCOCC1
438,5.372634143407268,CHEMBL4456688,COc1cc2c(Oc3ccc(C4SCC(=O)N4NC(=O)Nc4ccc(F)c(F)c4F)cc3)ccnc2cc1OCCCN1CCOCC1
439,8.187086643357144,CHEMBL4457885,COc1cc2ncnc(Nc3ccc(OCc4cccc(F)c4)c(Cl)c3)c2cc1NC(=O)C1CSSC1
440,7.744727494896694,CHEMBL4460320,CC/C=C\C(=O)Nc1cc(Nc2nc(C)cc(-c3cn(C)c4ccccc34)n2)c(OC)cc1N(C)CCN(C)C
441,7.920818753952375,CHEMBL4460706,C=CC(=O)Nc1cc2c(Nc3ccc(F)c(Cl)c3)ncnc2cc1OCc1cn(Cc2ccc(Cl)cc2)nn1
442,7.430626090384954,CHEMBL4462965,CCC(=O)N1CCC[C@@H](n2c(=O)c(-c3cc(F)ccc3Cl)c(C)c3cnc(Nc4ccc(N5CCN(C)CC5)c(C)c4)nc32)C1
443,7.698970004336019,CHEMBL4463634,C=C(Cl)C(=O)Nc1cc(Nc2ncc(C#N)c(-c3cn(C)c4ccccc34)n2)c(OC)cc1N(C)CCN(C)C
444,8.1249387366083,CHEMBL4464589,CCC/C=C\C(=O)Nc1cc(Nc2nccc(-c3cn(C)c4ccc(F)cc34)n2)c(OC)cc1N(C)CCN(C)C
445,6.995678626217357,CHEMBL4464879,C=CC(=O)Nc1cc(Nc2nccc(-c3cn(C)c4ccccc34)n2)c(OC)cc1N(C)CCO
446,6.752026733638194,CHEMBL4468034,CC/C=C\C(=O)Nc1cc(Nc2nccc(-c3cn(C)c4ccccc34)n2)c(OC)cc1N(C)CCN(C)C
447,7.920818753952375,CHEMBL4468464,C=CC(=O)Nc1cc2c(Nc3ccc(F)c(Cl)c3)ncnc2cc1OCc1cn(Cc2ccccc2F)nn1
448,6.696803942579511,CHEMBL4470120,CCC/C=C\C(=O)Nc1cc(Nc2ncc(C#N)c(-c3cn(C)c4ccc(F)cc34)n2)c(OC)cc1N(C)CCN(C)C
449,6.411168274405792,CHEMBL4472983,CC/C=C\C(=O)Nc1cc(Nc2nccc(-c3cn(C)c4ccc(F)cc34)n2)c(OC)cc1N(C)CCN(C)C
450,7.560667306169737,CHEMBL4474196,CCC(=O)N1CCC[C@@H](n2c(=O)c(-c3cccc(F)c3Cl)c(C)c3cnc(Nc4ccc(N5CCN(C)CC5)c(C)c4)nc32)C1
451,9.349984047528162,CHEMBL447850,O=C(/C=C/CC(=O)Nc1ccc2ncnc(Nc3cccc(Br)c3)c2c1)Nc1ccc2c(Nc3cccc(Br)c3)ncnc2c1
452,6.167491087293764,CHEMBL451347,O=C(O[C@H]1CN[C@H](C#Cc2cc3ncnc(Nc4ccc5c(ccn5Cc5cscn5)c4)c3s2)C1)N1CCOCC1
453,7.00436480540245,CHEMBL451513,O=C(O[C@H]1CN[C@H](C#Cc2cc3ncnc(Nc4ccc(OCc5cccc(F)c5)c(Cl)c4)c3s2)C1)N1CCCC1
454,5.267606240177031,CHEMBL451523,COc1c(NC(=O)Nc2ccc(-c3ccc(CN4CCOCC4)nc3)c3ccccc23)cc(C(C)(C)C)cc1NS(C)(=O)=O
455,8.221848749616356,CHEMBL4515526,C=CC(=O)Nc1cc2c(Nc3ccc(F)c(Cl)c3)ncnc2cc1OCc1cn(Cc2ccc(F)cc2)nn1
456,8.366531544420413,CHEMBL4516586,C=CC(=O)Nc1ccc(Nc2ncnc3cc(OC)c(OCCN4CCOCC4)cc23)cc1
457,8.823908740944319,CHEMBL4517633,N#Cc1cnc2cc(OC[C@@H](O)CO)c(NC(=O)C3CSSC3)cc2c1Nc1ccc(OCc2cccc(F)c2)c(Cl)c1
458,7.698970004336019,CHEMBL4519305,N#Cc1cnc2cc(OC[C@H](O)CO)c(NC(=O)C3CSSC3)cc2c1Nc1ccc(OCc2cccc(F)c2)c(Cl)c1
459,6.414764936634224,CHEMBL4520064,FC(F)(F)c1ccc(COc2ccc(Nc3ncnc4cc5c(cc34)OCCOCCOCCOCCO5)cc2)cc1
460,8.853871964321762,CHEMBL4522240,COc1cc2ncnc(Nc3ccc(OCc4cccc(F)c4)c(Cl)c3)c2cc1OCCCN1CCNCCNCCNCC1
461,4.433680378475189,CHEMBL4522594,Cn1cc(NC(=O)c2ccc(NS(=O)(=O)c3ccccc3)cc2)cn1
462,6.284832642151542,CHEMBL4525935,Cn1cc(-c2cc(C(=O)/N=c3\[nH]c4ccccc4n3CC(C)(C)O)ccn2)cn1
463,6.679853713888946,CHEMBL4527702,COc1cc(N(C)CCN(C)C)c(NC(=O)C=C(C)C)cc1Nc1nccc(-c2cn(C)c3ccccc23)n1
464,7.251037138743839,CHEMBL4529308,CCC(=O)N1CCC[C@@H](n2c(=O)c(-c3ccccc3Br)c(C)c3cnc(Nc4ccc(N5CCN(C)CC5)c(C)c4)nc32)C1
465,6.619788758288394,CHEMBL452980,O=C(O[C@H]1CN[C@H](C#Cc2cc3ncnc(Nc4ccc5c(c4)c(F)cn5Cc4ccccc4)c3s2)C1)N1CCOCC1
466,7.853871964321762,CHEMBL4530987,CCOc1cc2ncnc(Nc3ccc(F)c(Cl)c3)c2cc1OC(=O)CCc1cccnc1
467,6.301029995663981,CHEMBL453502,COc1cc(/C=C/[N+](=O)[O-])ccc1OS(=O)(=O)c1ccc(C(=O)OC[C@H]2O[C@@H](n3cnc4c(N)ncnc43)[C@H](O)[C@@H]2O)cc1
468,6.443697499232712,CHEMBL4535047,COc1cc(N(C)CCN(C)C)c(NC(=O)/C=C\C(C)C)cc1Nc1ncc(C#N)c(-c2cn(C)c3ccc(F)cc23)n1
469,6.7594507517174005,CHEMBL4537004,Cc1cc(F)cc(Nc2cc(NC(=O)Nc3c(Cl)cccc3Cl)ncn2)c1
470,10.69897000433602,CHEMBL4537790,Cc1cc2cc(n1)-c1cnn(C)c1OCCC[C@@H](C)CN1/C(=N/C2=O)Nc2ccc(CN3CCN(C)CC3)cc21
471,7.4089353929735005,CHEMBL4548481,COc1ccc(OC)c(Nc2cc(NC(=O)Nc3c(Cl)cccc3Cl)ncn2)c1
472,8.096910013008056,CHEMBL4548960,CCC/C=C\C(=O)Nc1cc(Nc2nc(C)cc(-c3cn(C)c4ccccc34)n2)c(OC)cc1N(C)CCN(C)C
473,4.5528419686577815,CHEMBL4550702,Cn1cc(-c2cnc3c(-c4csc(C(=O)NCC(F)(F)F)c4)cnn3c2)cn1
474,6.228412519118745,CHEMBL4551557,C=CC(=O)Nc1cc(Nc2nc(C)cc(-c3cn(C)c4ccc(F)cc34)n2)c(OC)cc1N(C)CCN(C)C
475,6.049635145623878,CHEMBL4553484,COc1cc(N(C)CCN(C)C)c(NC(=O)/C=C\C(C)C)cc1Nc1nc(C)cc(-c2cn(C)c3ccc(F)cc23)n1
476,7.431798275933005,CHEMBL4553685,CCC/C=C\C(=O)Nc1cc(Nc2ncc(C#N)c(-c3cn(C)c4ccccc34)n2)c(OC)cc1N(C)CCN(C)C
477,7.031517051446065,CHEMBL4557005,C=CC(=O)Nc1cc(Nc2nc(C)cc(-c3cn(C)c4ccccc34)n2)c(OC)cc1N(C)CCN(C)C
478,8.221848749616356,CHEMBL4557772,C=C(F)C(=O)Nc1cc(Nc2nccc(-c3cn(C)c4ccccc34)n2)c(OC)cc1N(C)CCN(C)C
479,7.823908740944319,CHEMBL4563683,C=CC(=O)Nc1cc2c(Nc3ccc(F)c(Cl)c3)ncnc2cc1OCc1cn(Cc2ccc(C)cc2)nn1
480,6.667561540084395,CHEMBL4566583,C=CC(=O)Nc1cc(Nc2nccc(-c3cn(C)c4ccccc34)n2)c(OC)cc1N(C)CCSC
481,7.958607314841775,CHEMBL4570333,C=CC(=O)Nc1cc(Nc2nccc(-c3cn(C)c4ccccc34)n2)c(OC)cc1SCCN(C)C
482,9.0,CHEMBL4575583,C=CC(=O)Nc1ccc(OC)c(Nc2cc(-c3nc(SC)n(C)c3-c3ccc(F)cc3)ccn2)c1
483,8.096910013008056,CHEMBL4578487,C=CC(=O)Nc1cc2c(Nc3ccc(F)c(Cl)c3)ncnc2cc1OCc1cn(Cc2ccccc2)nn1
484,6.0347982989740885,CHEMBL4579805,CCC/C=C\C(=O)Nc1cc(Nc2nc(C)cc(-c3cn(C)c4ccc(F)cc34)n2)c(OC)cc1N(C)CCN(C)C
485,6.692503962086787,CHEMBL4583858,CCC/C=C\C(=O)Nc1cc(Nc2nccc(-c3cn(C)c4ccccc34)n2)c(OC)cc1N(C)CCN(C)C
486,6.966576244513051,CHEMBL4592472,C=CC(=O)Nc1cc(Nc2nccc(-c3cn(C)c4ccccc34)n2)c(OC)cc1S(=O)(=O)CCN(C)C
487,8.79997073344623,CHEMBL460735,C=CC(=O)NC1=CC=C2N=CN=C(Nc3cccc(Cl)c3)C21
488,7.397940008672037,CHEMBL461426,NC(=O)O[C@H]1CN[C@H](C#Cc2cc3ncnc(Nc4ccc(OCc5cccc(F)c5)c(Cl)c4)c3s2)C1
489,7.301029995663981,CHEMBL461869,CCNC(=O)O[C@@H]1CN[C@@H](C#Cc2cc3ncnc(Nc4ccc(OCc5cccc(F)c5)c(Cl)c4)c3s2)C1
490,6.920818753952375,CHEMBL4634499,O=C(/C=C/Cn1ccnc1)N1CCOc2cc3ncnc(Nc4ccc(OCc5cccc(F)c5)c(Cl)c4)c3cc21
491,8.154901959985743,CHEMBL4635100,O=C(/C=C/CN1CCCC1)N1CCOc2cc3ncnc(Nc4ccc(OCc5cccc(F)c5)c(Cl)c4)c3cc21
492,7.139661993429007,CHEMBL4639459,CCC(=O)Nc1cc(Nc2nccc(-c3cn(CCCO)c4ccccc34)n2)c(OC)cc1F
493,5.346787486224656,CHEMBL4639739,C=CC(=O)NCCOc1cc(Cc2ccccc2)cc2[nH]c(-c3n[nH]c4cc(-c5cn[nH]c5)ccc34)cc12
494,7.094204119632131,CHEMBL4640686,CCC(=O)Nc1cc(Nc2nccc(-c3cn(CCO)c4ccccc34)n2)c(OC)cc1F
495,7.136677139879544,CHEMBL4641096,CCC(=O)Nc1cc(Nc2nccc(-c3cn(CCCO)c4ccccc34)n2)c(OC)cc1N(C)CCN(C)C
496,5.698970004336019,CHEMBL464210,CNC(=O)c1cc(Nc2ccc(-c3nc4ccccc4s3)cc2)ccn1
497,6.681936665037238,CHEMBL4642177,CCC(=O)Nc1cc(Nc2nccc(-c3c[nH]c4c(CCO)cccc34)n2)c(OC)cc1F
498,8.657577319177793,CHEMBL4645434,C=CC(=O)Nc1cc(Nc2nccc(-c3cn(CCCO)c4ccccc34)n2)c(OC)cc1F
499,5.627087997029894,CHEMBL4646281,C=CC(=O)NCCOc1cc(Cc2ccccc2)cc2[nH]c(-c3n[nH]c4cc(C(F)F)ccc34)cc12
500,7.393618634889395,CHEMBL4647073,CCC(=O)Nc1cc(Nc2nccc(-c3cn(CCCO)c4ccc(F)cc34)n2)c(OC)cc1F
501,7.494850021680094,CHEMBL466174,CCNC(=O)O[C@H]1CN[C@@H](C#Cc2cc3ncnc(Nc4ccc(OCc5cccc(F)c5)c(Cl)c4)c3s2)C1
502,7.102372908709559,CHEMBL466175,CN(C)C(=O)O[C@H]1CN[C@@H](C#Cc2cc3ncnc(Nc4ccc(OCc5cccc(F)c5)c(Cl)c4)c3s2)C1
503,7.397940008672037,CHEMBL466412,CN(C)C(=O)O[C@@H]1CN[C@@H](C#Cc2cc3ncnc(Nc4ccc(OCc5cccc(F)c5)c(Cl)c4)c3s2)C1
504,7.301029995663981,CHEMBL466586,CNC(=O)O[C@H]1CN[C@H](C#Cc2cc3ncnc(Nc4ccc(OCc5cccc(F)c5)c(Cl)c4)c3s2)C1
505,6.903089986991944,CHEMBL466614,CCNC(=O)O[C@@H]1CN[C@H](C#Cc2cc3ncnc(Nc4ccc(OCc5cccc(F)c5)c(Cl)c4)c3s2)C1
506,7.102372908709559,CHEMBL466615,CN(C)C(=O)O[C@@H]1CN[C@H](C#Cc2cc3ncnc(Nc4ccc(OCc5cccc(F)c5)c(Cl)c4)c3s2)C1
507,7.15002808767115,CHEMBL472581,CS(=O)(=O)CCNCc1nc(-c2ccc3ncnc(Nc4ccc5c(cnn5Cc5ccccc5)c4)c3c2)cs1
508,8.769551078621726,CHEMBL4741340,[2H]C([2H])=CC(=O)Nc1cc(Nc2nccc(-c3cn(C([2H])([2H])[2H])c4ccccc34)n2)c(OC)cc1N(C)CCN(C)C
509,9.379968104873702,CHEMBL474147,C=CC(=O)NC1=CC=C2N=CN=C(Nc3cccc(C)c3)C21
510,7.167491087293763,CHEMBL4743173,COc1cc2ncnc(Nc3ccc(F)c(Cl)c3)c2cc1NC(=O)c1cc([N+](=O)[O-])ccc1F
511,9.040005161671584,CHEMBL474342,C=CC(=O)NC1=CC=C2N=CN=C(Nc3cccc(C(F)(F)F)c3)C21
512,8.679853713888946,CHEMBL4744138,C=CC(=O)Nc1cc(Nc2nccc(-c3cn(C(C)=O)c4ccccc34)n2)c(OC)cc1N(C)CCN(C)C
513,9.065501548756432,CHEMBL4745195,C=CC(=O)Nc1cc(Nc2nccc(-c3cn(CCO)c4ccccc34)n2)c(OC)cc1N(C)CCN(C)C
514,8.42021640338319,CHEMBL4745521,CN(C)CCCOc1cc2ncnc(Nc3ccc(F)c(Cl)c3)c2cc1NC(=O)c1cc([N+](=O)[O-])ccc1F
515,5.598599459218456,CHEMBL4745877,COc1ncc(-c2ccc3ncnc(Nc4cnn(CCO)c4)c3c2)cc1NS(C)(=O)=O
516,9.69897000433602,CHEMBL4747958,C=CC(=O)Nc1cc(Nc2nccc(-c3cn(S(=O)(=O)N(C)C)c4ccccc34)n2)c(OC)cc1N(C)CCN(C)C
517,6.517126416391246,CHEMBL475599,CS(=O)(=O)CCNCc1cc(-c2cc3c(Nc4ccc(OCc5cccc(F)c5)c(Cl)c4)ncnc3s2)cs1
518,8.301029995663981,CHEMBL475761,CN1CCN(Cc2ccc(-c3cc4ncnc(Nc5ccc(OCc6cccc(F)c6)c(Cl)c5)c4s3)o2)CC1
519,8.42021640338319,CHEMBL4777353,CN(C)CCCCOc1cc2ncnc(Nc3ccc(F)c(Cl)c3)c2cc1NC(=O)c1cc([N+](=O)[O-])ccc1F
520,10.0,CHEMBL4778248,COc1cc(CNCCN2CCCCC2)ccc1-c1cc2c(N[C@H](CO)c3ccccc3)ncnc2[nH]1
521,6.6020599913279625,CHEMBL4781497,CN1CCN(c2ccc(Nc3nc(Oc4ccc5ccc(=O)[nH]c5c4)c4sccc4n3)cc2)CC1
522,8.995678626217357,CHEMBL4790568,C#CCn1cc(-c2ccnc(Nc3cc(NC(=O)C=C)c(N(C)CCN(C)C)cc3OC)n2)c2ccccc21
523,7.769551078621726,CHEMBL4790583,O=C(Nc1cc2c(Nc3ccc(F)c(Cl)c3)ncnc2cc1F)c1cc([N+](=O)[O-])ccc1F
524,6.481486060122113,CHEMBL4791108,CCN1CCN(c2ccc(Nc3nc(Oc4ccc5ccc(=O)[nH]c5c4)c4sccc4n3)c(OC)c2)CC1
525,9.69897000433602,CHEMBL4795165,C=CC(=O)Nc1cccc(-c2c[nH]c3ncnc(Nc4ccc(CN5C(=O)c6ccccc6C5=O)cc4)c23)c1
526,7.744727494896694,CHEMBL4796407,CN(C)CCOc1cc2ncnc(Nc3ccc(F)c(Cl)c3)c2cc1NC(=O)c1cc([N+](=O)[O-])ccc1F
527,8.821023052706831,CHEMBL4800367,C=CCn1cc(-c2ccnc(Nc3cc(NC(=O)C=C)c(N(C)CCN(C)C)cc3OC)n2)c2ccccc21
528,6.481486060122113,CHEMBL4800533,COc1cc(N2CCN(C)CC2)ccc1Nc1nc(Oc2ccc3ccc(=O)[nH]c3c2)c2sccc2n1
529,5.4685210829577455,CHEMBL482489,Nc1nc(Nc2cccc(Br)c2)c2cc(CCc3ccccc3Cl)[nH]c2n1
530,3.913640169325251,CHEMBL482715,Nc1nc(Nc2ccc(F)c(C(F)(F)F)c2)c2cc(CCc3ccccc3)[nH]c2n1
531,4.642065152999547,CHEMBL483108,Nc1nc(Nc2ccc(F)c(Br)c2)c2cc(CCc3ccccc3)[nH]c2n1
532,5.87942606879415,CHEMBL483313,Nc1nc(Nc2ccc(Cl)cc2F)c2cc(CCc3ccccc3)[nH]c2n1
533,4.774509799928716,CHEMBL4849268,CC#CC(=O)N1CCCC[C@H]1c1nc(-c2ccc(C(=O)Nc3cc(-c4ccccc4)ccn3)cc2)c(C(N)=O)n1N
534,6.945004138470859,CHEMBL4849337,O=C(CN1CCOCC1)Nc1ccc(Nc2ncc(Cl)c(Nc3ccccc3C(=O)NO)n2)cc1
535,6.522878745280337,CHEMBL485320,Nc1nc(Nc2cccc(Br)c2)c2cc(CCc3ccccc3)[nH]c2n1
536,5.657577319177794,CHEMBL485321,COc1ccc(CCc2cc3c(Nc4cccc(Br)c4)nc(N)nc3[nH]2)cc1
537,8.410050398674292,CHEMBL4862976,CNC(=O)c1ccccc1Nc1nc(Nc2ccc(NC(=O)CN3CCOCC3)c(C)c2)ncc1Cl
538,7.100179497572904,CHEMBL4863836,C=CC(=O)N1CCCC[C@H]1c1nc(-c2ccc(C(=O)Nc3cc(-c4ccccc4)ccn3)cc2)c(C(N)=O)n1N
539,6.94692155651658,CHEMBL4863913,C=CC(=O)N1CCCC[C@H]1c1nc(-c2ccc(C(=O)Nc3cc(-c4ccc(F)cc4)ccn3)cc2)c(C(N)=O)n1N
540,3.754265306543415,CHEMBL4868797,Cn1cc(-c2cc3ncnc(Nc4ccc(CC(=O)Nc5cc(C(C)(C)C)nn5C)cc4)c3s2)cn1
541,8.166215625343522,CHEMBL4869024,CN1CCN(CCOc2ccc(Nc3ncc(Cl)c(Nc4ccccc4C(=O)NO)n3)cc2)CC1
542,5.2441251443275085,CHEMBL4870955,COc1cc(NC(=O)CCCCCCCCCCC(=O)NO)ccc1Nc1nccc(-c2cn(C)c3ccccc23)n1
543,7.221848749616356,CHEMBL4871593,C=CCn1c(=O)c2cnc(Nc3ccc(N4CCN(C)CC4)cc3)nc2n1-c1ccc2c(n1)C(O)(CC)CC2
544,5.022276394711152,CHEMBL487254,N=C(Nc1ccccc1)SCCCN1C(=O)C2=C(C1=O)n1ccc3cccc(c31)C1Cc3ccccc3N21
545,5.6020599913279625,CHEMBL4876135,c1ccc(-c2ccc3c(Nc4ccc5scnc5c4)ccnc3c2)cc1
546,7.899629454882437,CHEMBL4878626,C=CC(=O)N1CCCC[C@H]1c1nc(-c2ccc(C(=O)Nc3cc(-c4ccc(Cl)cc4)ccn3)cc2)c(C(N)=O)n1N
547,8.819874124835946,CHEMBL489897,C=CC(=O)Nc1nc2c(Cc3ccc(F)c(Cl)c3)ncnc2cc1OCCCN1CCOCC1
548,7.700057099977233,CHEMBL490093,C=CC(=O)N(C)c1nc2c(Cc3ccc(F)c(Cl)c3)ncnc2cc1OCCCN1CCOCC1
549,9.79997073344623,CHEMBL490496,C=CC(=O)Nc1nc2c(Cc3ccc(F)c(Cl)c3)ncnc2cc1/C=C/CCN1CCOCC1
550,6.045757490560675,CHEMBL490780,CCOc1cc(/C=C2/CCNC2=O)cc(CSc2ccccc2)c1O
551,6.920818753952375,CHEMBL495733,CS(=O)(=O)N1CCC[C@@H]1C#Cc1cc2ncnc(Nc3ccc(OCc4cccc(F)c4)c(Cl)c3)c2s1
552,7.236572006437063,CHEMBL495734,CC(=O)N1CCC[C@@H]1C#Cc1cc2ncnc(Nc3ccc(OCc4cccc(F)c4)c(Cl)c3)c2s1
553,6.962573502059376,CHEMBL495979,Fc1cccc(COc2ccc(Nc3ncnc4cc(C#C[C@@H]5CCCN5)sc34)cc2Cl)c1
554,8.154901959985743,CHEMBL496174,Fc1cccc(COc2ccc(Nc3ncnc4cc(C#C[C@H]5CCCN5)sc34)cc2Cl)c1
555,6.939302159646388,CHEMBL497184,CCO[C@H]1CN[C@H](C#Cc2cc3ncnc(Nc4ccc(OCc5cccc(F)c5)c(Cl)c4)c3s2)C1
556,6.853871964321762,CHEMBL497803,COC(=O)N1CCC[C@@H]1C#Cc1cc2ncnc(Nc3ccc(OCc4cccc(F)c4)c(Cl)c3)c2s1
557,7.853871964321762,CHEMBL497804,O[C@H]1CN[C@H](C#Cc2cc3ncnc(Nc4ccc(OCc5cccc(F)c5)c(Cl)c4)c3s2)C1
558,7.091514981121351,CHEMBL500115,CS(=O)(=O)O[C@H]1CN[C@H](C#Cc2cc3ncnc(Nc4ccc(OCc5cccc(F)c5)c(Cl)c4)c3s2)C1
559,7.045757490560675,CHEMBL500217,O=C(O[C@H]1CN[C@H](C#Cc2cc3ncnc(Nc4ccc5c(ccn5Cc5ccccc5)c4)c3s2)C1)N1CCOCC1
560,7.200659450546419,CHEMBL500381,CCC(=O)O[C@H]1CN[C@H](C#Cc2cc3ncnc(Nc4ccc(OCc5cccc(F)c5)c(Cl)c4)c3s2)C1
561,6.85078088734462,CHEMBL500640,CCOC(=O)O[C@H]1CN[C@H](C#Cc2cc3ncnc(Nc4ccc(OCc5cccc(F)c5)c(Cl)c4)c3s2)C1
562,7.301029995663981,CHEMBL501705,CCS(=O)(=O)N[C@H]1CN[C@H](C#Cc2cc3ncnc(Nc4ccc(OCc5cccc(F)c5)c(Cl)c4)c3s2)C1
563,5.906578314837764,CHEMBL502015,Nc1nc(Nc2cccc(Br)c2)c2cc(Cc3ccc4ccccc4c3)[nH]c2n1
564,7.397940008672037,CHEMBL504034,CS(=O)(=O)CCNC(=O)O[C@H]1CN[C@H](C#Cc2cc3ncnc(Nc4ccc(OCc5cccc(F)c5)c(Cl)c4)c3s2)C1
565,4.642065152999547,CHEMBL504416,Nc1nc(Nc2ccc(F)c(Cl)c2)c2cc(CCc3ccccc3)[nH]c2n1
566,7.200659450546419,CHEMBL505626,CCN(CC)C(=O)O[C@H]1CN[C@H](C#Cc2cc3ncnc(Nc4ccc(OCc5cccc(F)c5)c(Cl)c4)c3s2)C1
567,6.221848749616356,CHEMBL505705,Nc1ncnc2c1ncn2[C@@H]1O[C@H](COC(=O)c2ccc(S(=O)(=O)Oc3ccc(/C=C/[N+](=O)[O-])cc3)cc2)[C@@H](O)[C@H]1O
568,7.471083299722346,CHEMBL5080260,C=CC(=O)Nc1cccc(-n2c(=O)c(C3CCCCC3)nc3cnc(Nc4cccc(OCC(C)=O)c4)nc32)c1
569,7.079876673709276,CHEMBL5081433,C=CC(=O)Nc1cccc(-n2c(=O)c(C3CCCCC3)nc3cnc(Nc4cccc(OCC(N)=O)c4)nc32)c1
570,6.929592678259881,CHEMBL5085807,C=CC(=O)Nc1cccc(-n2c(=O)c(C3CCCCC3)nc3cnc(Nc4cccc(OCCOC)c4)nc32)c1
571,6.055517327849832,CHEMBL51028,CN1CCN(CCCNc2ncc3cc(-c4c(Cl)cccc4Cl)c(NC(=O)NC4CCCCC4)nc3n2)CC1
572,6.037157318798758,CHEMBL511623,Fc1ccc(Nc2ncnc3nc(NCCN4CCOCC4)sc23)cc1Cl
573,7.494850021680094,CHEMBL512076,CCNC(=O)O[C@H]1CN[C@H](C#Cc2cc3ncnc(Nc4ccc(OCc5cccc(F)c5)c(Cl)c4)c3s2)C1
574,7.552841968657781,CHEMBL517123,CN(C)C(=O)O[C@H]1CN[C@H](C#Cc2cc3ncnc(Nc4ccc(OCc5cccc(F)c5)c(Cl)c4)c3s2)C1
575,6.679853713888946,CHEMBL5171983,COc1cc(-c2nc3ccccc3s2)ccc1OCC(=O)NNC(=O)CN[C@@H](Cc1c[nH]c2ccccc12)C(=O)O
576,8.154901959985743,CHEMBL5172668,O=C(Nc1nccs1)C(c1ncn2c1CCC2)N1Cc2c(F)cc(C#Cc3ccc(CN4CCCCC4)cc3)cc2C1=O
577,8.397940008672037,CHEMBL5173979,O=C(Nc1nccs1)C(c1ncn2c1CCC2)N1Cc2c(Cl)cccc2C1=O
578,7.301029995663981,CHEMBL517585,CCN(C)C(=O)O[C@H]1CN[C@H](C#Cc2cc3ncnc(Nc4ccc(OCc5cccc(F)c5)c(Cl)c4)c3s2)C1
579,6.657577319177793,CHEMBL5175924,CC#CC(=O)Nc1ccc(Nc2nccc(-c3cn(C)c4ccccc34)n2)cc1
580,8.525783735923746,CHEMBL5178707,Nc1ccc2ncnc(Nc3ccc4[nH]ncc4c3)c2c1
581,6.200659450546418,CHEMBL5179288,N#Cc1ccc(O)c(-c2nc(NCc3ncccn3)c3ccccc3n2)c1
582,7.683610248926804,CHEMBL5180725,Cc1cc(Nc2c(C#N)cnc3ccc(NC(=O)/C=C/CN(C)C)cc23)ccc1Oc1cc2nncn2cn1
583,8.301029995663981,CHEMBL5180839,O=C(Nc1nccs1)C(c1ncn2c1CCC2)N1Cc2c(F)cc(C#Cc3ccc(CN4CCC(CO)CC4)cc3)cc2C1=O
584,8.397940008672037,CHEMBL5183324,CC1(C)CCc2c(C(C(=O)Nc3nccs3)N3Cc4c(cc(C#Cc5ccc(CN6CCC(CO)CC6)cc5)cc4C(F)F)C3=O)ncn21
585,8.397940008672037,CHEMBL5184539,O=C(Nc1nccs1)C(c1ncn2c1CCC2)N1Cc2c(cc(C#Cc3ccc(CN4CCC(CO)CC4)cc3)cc2C(F)F)C1=O
586,8.154901959985743,CHEMBL5187250,O=C(Nc1nccs1)C(c1ncn2c1CCC2)N1Cc2ccc(C#Cc3ccc(CN4CCC(O)CC4)cc3)cc2C1=O
587,8.167491087293763,CHEMBL5187605,CN1CCN(c2ccc(-c3ccc4c(c3)C(=O)N(C(C(=O)Nc3nccs3)c3cccc(F)c3)CC4)cc2)CC1
588,8.036212172654444,CHEMBL5188568,C=CC(=O)N1CCC(N2C(=O)N(c3ccccc3)Cc3cnc(Nc4ccc(N5CCN(C)CC5)c(C)c4)nc32)C1
589,6.224025668870631,CHEMBL5188857,CCOc1cc2ncc(C#N)c(Nc3ccc(OCc4ccccc4)cc3)c2cc1NC(=O)/C=C/c1cccnc1
590,8.522878745280337,CHEMBL5189574,O=C(Nc1nccs1)C(c1ncn2c1CCC2)N1Cc2c(cc(C#Cc3ccc(CN4CCC(CO)CC4)cc3)cc2C(F)(F)F)C1=O
591,5.497572880015568,CHEMBL519147,Nc1nc(Nc2ccc(Cl)cc2)c2cc(CCc3ccccc3)[nH]c2n1
592,5.301029995663981,CHEMBL5191956,COc1cc(NC(=O)CCCCCCC(=O)NO)ccc1Nc1nccc(-c2cn(C)c3ccccc23)n1
593,5.246416941107094,CHEMBL5192185,C#Cc1cccc(Oc2ncnc3ccc(OCc4ccc(S(=O)(=O)N(C)C#C)cc4)cc23)c1
594,8.55284196865778,CHEMBL5193451,Cc1cc(Nc2ncnc3cc(O)c(NC(=O)/C=C/[C@H]4CCCN4C)cc23)ccc1Oc1ccn2ncnc2c1
595,8.494850021680094,CHEMBL5195912,CN1CCC(c2ccc(-c3ccc4c(c3)C(=O)N(C(C(=O)Nc3nccs3)c3cccc(F)c3)CC4)cc2)CC1
596,7.045757490560675,CHEMBL5198368,CC1=NNC2=NC(=O)NC(c3ccccc3Br)C12
597,7.795880017344075,CHEMBL5198433,O=C(Nc1nccs1)C(c1ncn2c1CCC2)N1Cc2ccc(C#Cc3ccc(CN4CCCCC4)cc3)cc2C1=O
598,5.7366480316064346,CHEMBL5200783,COCC(=O)NC/C=C/c1ccc2ncc(C#N)c(Nc3ccc(Oc4cc5nncn5cn4)c(C)c3)c2c1
599,5.187086643357145,CHEMBL5201128,COc1cc2nccc(Oc3ccc(NC(=O)C4(C(=O)NC5CC5)CC4)c(Cl)c3)c2cc1C(N)=O
600,6.7447274948966935,CHEMBL5201387,C=CC(=O)Nc1ccc(Nc2nccc(-c3cn(C)c4ccccc34)n2)cc1
601,8.105130343254748,CHEMBL5201532,COc1cc(/C=C/S(=O)(=O)c2ccccc2)cc(OC)c1OC
602,7.795880017344075,CHEMBL5203388,O=C(Nc1nccs1)C(c1ncn2c1CCC2)N1Cc2ccccc2C1=O
603,7.068542129310995,CHEMBL5206193,O=C(Nc1ccccc1C(=O)N/N=C/c1ccc(O)cc1O)c1ccco1
604,7.769551078621726,CHEMBL5207152,O=C(Nc1nccs1)C(c1ncn2c1C[C@@H](F)C2)n1cc2c(Cl)cc(-c3ccc(N4CCN(C5CC5)CC4)cc3)c(Cl)c2n1
605,7.698970004336019,CHEMBL5207327,COc1cc2c(cc1OC)C(Oc1cccc(NC(=S)Nc3ccc(Cl)c(C(F)(F)F)c3)c1)=NCN2
606,8.301029995663981,CHEMBL5207479,O=C(Nc1nccs1)C(c1ncn2c1CCC2)N1Cc2c(F)cc(C#Cc3ccc(CN4CCC(O)CC4)cc3)cc2C1=O
607,6.943095148663527,CHEMBL5208397,CCOC(=O)[C@H](Cc1c[nH]c2ccccc12)NCC(=O)NNC(=O)COc1ccc(-c2nc3ccccc3s2)cc1OC
608,7.308034897232639,CHEMBL5218780,Oc1ccc(-c2nc(-c3ccc(F)cc3)c(-c3ccnc4c3CC(c3ccccc3)N4)[nH]2)cc1
609,8.0762380391713,CHEMBL5218879,OCCCCc1ccc(-c2nc(-c3ccc(F)cc3)c(-c3ccnc4c3CC(c3ccccc3)N4)[nH]2)cc1
610,5.920818753952375,CHEMBL5218998,Cn1cc(-c2ccnc(Nc3ccc(NC(=O)CCCCCCC(=O)NO)cc3)n2)c2ccccc21
611,8.116906641424311,CHEMBL5220061,OCCc1ccc(-c2nc(-c3ccc(F)cc3)c(-c3ccnc4c3CC(c3ccccc3)N4)[nH]2)cc1
612,6.886056647693163,CHEMBL523573,COCCN1CCC[C@@H]1C#Cc1cc2ncnc(Nc3ccc(OCc4cccc(F)c4)c(Cl)c3)c2s1
613,7.221848749616356,CHEMBL525805,CCOC(=O)N[C@H]1CN[C@H](C#Cc2cc3ncnc(Nc4ccc(OCc5cccc(F)c5)c(Cl)c4)c3s2)C1
614,8.508638306165727,CHEMBL52882,CNC1=CC2N=CN(C)/C(=N\c3cccc(Br)c3)C2C=N1
615,8.318758762624412,CHEMBL53203,C=CC(=O)Nc1ccc2ncnc(Nc3ccc(Oc4ccccc4)cc3)c2c1
616,5.823908740944319,CHEMBL542893,Cl.O=C(CCN1CCOCC1)c1ccc(OCc2ccccc2)cc1
617,5.7447274948966935,CHEMBL55379,FC(F)C(F)(F)Oc1cccc(Nc2nccc(-c3c[nH]c4ccccc34)n2)c1
618,6.113509274827519,CHEMBL570709,CN(/N=N/c1ccc2ncnc(Nc3cccc(Cl)c3)c2c1)C(=O)Oc1ccc([N+](=O)[O-])cc1
619,3.086186147616284,CHEMBL59150,N#CC(C#N)=C(N)/C(C#N)=C/c1ccc2[nH]ccc2c1
620,5.568636235841013,CHEMBL65063,Nc1ncnc2c1cnn2-c1ccccc1
621,4.69897000433602,CHEMBL66101,COc1ccc(/C=C/c2cnc3cc(OC)c(OC)cc3c2)cc1
622,6.769551078621726,CHEMBL69960,Cc1cc(C(=O)N2CCOCC2)[nH]c1/C=C1\C(=O)Nc2ncnc(Nc3ccc(F)c(Cl)c3)c21
623,2.866461091629783,CHEMBL77381,N#C/C(=C/c1ccc[nH]1)C(=O)O
624,5.823908740944319,CHEMBL7810,COc1cc(O)c2c(=O)c(-c3cccc(Cl)c3)cn(CCc3ccccc3)c2c1
625,6.136677139879545,CHEMBL92006,COc1cc2ncnc(/N=N/c3ccc(F)c(Cl)c3)c2cc1OC
